DFILESIZE,load,file,filename,siteid,uploaddirectory,contenttype,containerid,overwrite,majorversion,damsasp:extDocSource,damsasp:extDocId,,damsasp:extDocVersion,apm:apmNumber,apm:apmYear,apm:beginningBatesNumber,apm:endingBatesNumber,apm:startImage,apm:endImage,,remiccd:subtype,remiccd:sponsor,remiccd:dealNumber,,oipmroot:issuerName,oipmroot:issuerNumber
24994798,TRUE,\common\DAMS Training Guide v1.0.pdf,DAMS Training Guide v1.0.pdf,ginnie-mae-public,Documentation,cm:content,,FALSE,FALSE,,,,,,,,,,,,,,,,,
1980459,TRUE,\common\DAMS_Basic_Navigation_Guide.pdf,DAMS_Basic_Navigation_Guide.pdf,ginnie-mae-public,Documentation,cm:content,,FALSE,FALSE,,,,,,,,,,,,,,,,,
216241,TRUE,GMD042417.pdf,GMD042417.pdf,ginnie-mae-public,All Participant Memos,apm:ALL_PARTICIPANT_MEMOS,,,,Other,GMD042417,,1,95-24,1995,APMS-0005-1160,APMS-0005-1164,1,5,,,,,,,
9407206,TRUE,GMD042530.pdf,GMD042426.pdf,ginnie-mae-public,All Participant Memos,apm:ALL_PARTICIPANT_MEMOS,,,,Other,GMD042426,,1,96-6,1996,APMS-0005-1243,APMS-0005-1460,1,218,,,,,,,
83997,TRUE,GMD042601.pdf,GMD042435.pdf,ginnie-mae-public,All Participant Memos,apm:ALL_PARTICIPANT_MEMOS,,,,Other,GMD042435,,1,96-15,1996,APMS-0005-1522,APMS-0005-1523,1,2,,,,,,,
41878,TRUE,GMD042265.pdf,GMD042265.pdf,ginnie-mae-public,All Participant Memos,apm:ALL_PARTICIPANT_MEMOS,,,,Other,GMD042265,,1,2001-29,2001,APMS-0004-1371,APMS-0004-1371,1,1,,,,,,,
93121,TRUE,dams_sample.pdf,2013-090_04_Guaranty Agreement.pdf,ocm,Structured Solutions/REMIC Closing Documents/Glossary,remiccd:REMIC_CLOSING_DOCUMENTS,,,,,GMD008225,,,,,,,,,,,Test,12345,,,
2876436,TRUE,dams_sample.pdf,2013-017_06_Offering Circulator Supplement.pdf,ocm,Structured Solutions/REMIC Closing Documents/Glossary,remiccd:REMIC_CLOSING_DOCUMENTS,,,,,GMD007541,,,,,,,,,,,Test,12345,,,
3345347,TRUE,dams_sample.pdf,2013-025_06_Offering Circulator Supplement.pdf,ocm,Structured Solutions/REMIC Closing Documents/Glossary,remiccd:REMIC_CLOSING_DOCUMENTS,,,,,GMD007605,,,,,,,,,,,Test,12345,,,
8944822,TRUE,dams_sample.pdf,2013-028_08_Closing Document - Disk.pdf,ocm,Structured Solutions/REMIC Closing Documents/Glossary,remiccd:REMIC_CLOSING_DOCUMENTS,,,,,GMD007631,,,,,,,,,,,Test,12345,,,
99398,TRUE,dams_sample.pdf,2013-035_04_Guaranty Agreement.pdf,ocm,Structured Solutions/REMIC Closing Documents/Glossary,remiccd:REMIC_CLOSING_DOCUMENTS,,,,,GMD007730,,,,,,,,,,,Test,12345,,,
95548,TRUE,dams_sample.pdf,2013-038_04_Guaranty Agreement.pdf,ocm,Structured Solutions/REMIC Closing Documents/Glossary,remiccd:REMIC_CLOSING_DOCUMENTS,,,,,GMD007754,,,,,,,,,,,Test,12345,,,
10536838,TRUE,dams_sample.pdf,2013-049_02_Transaction Initiation Letter_V1.pdf,ocm,Structured Solutions/REMIC Closing Documents/Glossary,remiccd:REMIC_CLOSING_DOCUMENTS,,,,,GMD007846,,,,,,,,,,,Test,12345,,,
16374190,TRUE,dams_sample.pdf,2013-054_06_Offering Circulator Supplement.pdf,ocm,Structured Solutions/REMIC Closing Documents/Glossary,remiccd:REMIC_CLOSING_DOCUMENTS,,,,,GMD007907,,,,,,,,,,,Test,12345,,,
102266,TRUE,dams_sample.pdf,2013-061_04_Guaranty Agreement.pdf,ocm,Structured Solutions/REMIC Closing Documents/Glossary,remiccd:REMIC_CLOSING_DOCUMENTS,,,,,GMD007961,,,,,,,,,,,Test,12345,,,
449380,TRUE,dams_sample.pdf,2013-H13_02_Transaction Initiation Letter.pdf,ocm,Structured Solutions/REMIC Closing Documents/Glossary,remiccd:REMIC_CLOSING_DOCUMENTS,,,,,GMD008303,,,,,,,,,,,Test,12345,,,
334472,TRUE,dams_sample.pdf,2013-H17_03_Sponsor Agreement.pdf,ocm,Structured Solutions/REMIC Closing Documents/Glossary,remiccd:REMIC_CLOSING_DOCUMENTS,,,,,GMD008464,,,,,,,,,,,Test,12345,,,
521835,TRUE,dams_sample.pdf,2011-H20_01_Official Financial Advisor Letter.pdf,ocm,Structured Solutions/REMIC Closing Documents/Glossary,remiccd:REMIC_CLOSING_DOCUMENTS,,,,,GMD011813,,,,,,,,,,,Test,12345,,,
358759,TRUE,dams_sample.pdf,2011-090_02_Transaction Initiation Letter.pdf,ocm,Structured Solutions/REMIC Closing Documents/Glossary,remiccd:REMIC_CLOSING_DOCUMENTS,,,,,GMD010870,,,,,,,,,,,Test,12345,,,
113074,TRUE,dams_sample.pdf,2011-126_05_Legal Advisor Letter.pdf,ocm,Structured Solutions/REMIC Closing Documents/Glossary,remiccd:REMIC_CLOSING_DOCUMENTS,,,,,GMD011337,,,,,,,,,,,Test,12345,,,
1885692,TRUE,dams_sample.pdf,2011-C14_06_Offering Circulator Supplement.pdf,ocm,Structured Solutions/REMIC Closing Documents/Glossary,remiccd:REMIC_CLOSING_DOCUMENTS,,,,,GMD011738,,,,,,,,,,,Test,12345,,,
115387,TRUE,dams_sample.pdf,2013-088_03_Sponsor Agreement.pdf,ocm,Structured Solutions/REMIC Closing Documents/Glossary,remiccd:REMIC_CLOSING_DOCUMENTS,,,,,GMD008208,,,,,,,,,,,Test,12345,,,
133059,TRUE,dams_sample.pdf,2013-133_03_Sponsor Agreement.pdf,ocm,Structured Solutions/REMIC Closing Documents/Glossary,remiccd:REMIC_CLOSING_DOCUMENTS,,,,,GMD008656,,,,,,,,,,,Test,12345,,,
233148,TRUE,dams_sample.pdf,2013-H14_07_Misc.pdf,ocm,Structured Solutions/REMIC Closing Documents/Glossary,remiccd:REMIC_CLOSING_DOCUMENTS,,,,,GMD008316,,,,,,,,,,,Test,12345,,,
155414,TRUE,dams_sample.pdf,2013-122_03_Sponsor Agreement.pdf,ocm,Structured Solutions/REMIC Closing Documents/Glossary,remiccd:REMIC_CLOSING_DOCUMENTS,,,,,GMD008544,,,,,,,,,,,Test,12345,,,
369955,TRUE,dams_sample.pdf,2011-H16_02_Transaction Initiation Letter.pdf,ocm,Structured Solutions/REMIC Closing Documents/Glossary,remiccd:REMIC_CLOSING_DOCUMENTS,,,,,GMD011782,,,,,,,,,,,Test,12345,,,
167059,TRUE,dams_sample.pdf,2011-047_03_Sponsor Agreement.pdf,ocm,Structured Solutions/REMIC Closing Documents/Glossary,remiccd:REMIC_CLOSING_DOCUMENTS,,,,,GMD010527,,,,,,,,,,,Test,12345,,,
5216209,TRUE,dams_sample.pdf,2011-C12_08_Closing Document - Disk.pdf,ocm,Structured Solutions/REMIC Closing Documents/Glossary,remiccd:REMIC_CLOSING_DOCUMENTS,,,,,GMD011724,,,,,,,,,,,Test,12345,,,
289860,TRUE,dams_sample.pdf,2010-C21_07_Misc.pdf,ocm,Structured Solutions/REMIC Closing Documents/Glossary,remiccd:REMIC_CLOSING_DOCUMENTS,,,,,GMD010003,,,,,,,,,,,Test,12345,,,
2635763,TRUE,dams_sample.pdf,2010-H12_06_Offering Circulator Supplement.pdf,ocm,Structured Solutions/REMIC Closing Documents/Glossary,remiccd:REMIC_CLOSING_DOCUMENTS,,,,,GMD010026,,,,,,,,,,,Test,12345,,,
179410,TRUE,dams_sample.pdf,2010-H12_07_Misc.pdf,ocm,Structured Solutions/REMIC Closing Documents/Glossary,remiccd:REMIC_CLOSING_DOCUMENTS,,,,,GMD010027,,,,,,,,,,,Test,12345,,,
530787,TRUE,dams_sample.pdf,2010-H16_01_Official Financial Advisor Letter.pdf,ocm,Structured Solutions/REMIC Closing Documents/Glossary,remiccd:REMIC_CLOSING_DOCUMENTS,,,,,GMD010053,,,,,,,,,,,Test,12345,,,
468643,TRUE,dams_sample.pdf,2010-C11_02_Transaction Initiation Letter.pdf,ocm,Structured Solutions/REMIC Closing Documents/Glossary,remiccd:REMIC_CLOSING_DOCUMENTS,,,,,GMD009918,,,,,,,,,,,Test,12345,,,
208766,TRUE,dams_sample.pdf,2011-090_07_Misc.pdf,ocm,Structured Solutions/REMIC Closing Documents/Glossary,remiccd:REMIC_CLOSING_DOCUMENTS,,,,,GMD010875,,,,,,,,,,,Test,12345,,,
564765,TRUE,dams_sample.pdf,2011-C02_01_Official Financial Advisor Letter.pdf,ocm,Structured Solutions/REMIC Closing Documents/Glossary,remiccd:REMIC_CLOSING_DOCUMENTS,,,,,GMD010893,,,,,,,,,,,Test,12345,,,
173419,TRUE,dams_sample.pdf,2011-C02_07_Misc.pdf,ocm,Structured Solutions/REMIC Closing Documents/Glossary,remiccd:REMIC_CLOSING_DOCUMENTS,,,,,GMD010899,,,,,,,,,,,Test,12345,,,
5015698,TRUE,dams_sample.pdf,2011-C02_08_Closing Document - Disk.pdf,ocm,Structured Solutions/REMIC Closing Documents/Glossary,remiccd:REMIC_CLOSING_DOCUMENTS,,,,,GMD010900,,,,,,,,,,,Test,12345,,,
102980,TRUE,dams_sample.pdf,2011-C03_04_Guaranty Agreement.pdf,ocm,Structured Solutions/REMIC Closing Documents/Glossary,remiccd:REMIC_CLOSING_DOCUMENTS,,,,,GMD010904,,,,,,,,,,,Test,12345,,,
108304,TRUE,dams_sample.pdf,2011-C04_03_Sponsor Agreement.pdf,ocm,Structured Solutions/REMIC Closing Documents/Glossary,remiccd:REMIC_CLOSING_DOCUMENTS,,,,,GMD010911,,,,,,,,,,,Test,12345,,,
889060,TRUE,dams_sample.pdf,2011-157_01_Official Financial Advisor Letter.pdf,ocm,Structured Solutions/REMIC Closing Documents/Glossary,remiccd:REMIC_CLOSING_DOCUMENTS,,,,,GMD011581,,,,,,,,,,,Test,12345,,,
758815,TRUE,dams_sample.pdf,2011-159_02_Transaction Initiation Letter.pdf,ocm,Structured Solutions/REMIC Closing Documents/Glossary,remiccd:REMIC_CLOSING_DOCUMENTS,,,,,GMD011598,,,,,,,,,,,Test,12345,,,
112123,TRUE,dams_sample.pdf,2010-H20_05_Legal Advisor Letter.pdf,ocm,Structured Solutions/REMIC Closing Documents/Glossary,remiccd:REMIC_CLOSING_DOCUMENTS,,,,,GMD010089,,,,,,,,,,,Test,12345,,,
1066070,TRUE,dams_sample.pdf,2011-001_02_Transaction Initiation Letter.pdf,ocm,Structured Solutions/REMIC Closing Documents/Glossary,remiccd:REMIC_CLOSING_DOCUMENTS,,,,,GMD010160,,,,,,,,,,,Test,12345,,,
112733,TRUE,dams_sample.pdf,2010-C19_04_Guaranty Agreement.pdf,ocm,Structured Solutions/REMIC Closing Documents/Glossary,remiccd:REMIC_CLOSING_DOCUMENTS,,,,,GMD009984,,,,,,,,,,,Test,12345,,,
96412,TRUE,dams_sample.pdf,2010-C20_04_Guaranty Agreement.pdf,ocm,Structured Solutions/REMIC Closing Documents/Glossary,remiccd:REMIC_CLOSING_DOCUMENTS,,,,,GMD009992,,,,,,,,,,,Test,12345,,,
108993,TRUE,dams_sample.pdf,2010-C20_05_Legal Advisor Letter.pdf,ocm,Structured Solutions/REMIC Closing Documents/Glossary,remiccd:REMIC_CLOSING_DOCUMENTS,,,,,GMD009993,,,,,,,,,,,Test,12345,,,
51842,TRUE,dams_sample.pdf,2010-C22_04_Guaranty Agreement.pdf,ocm,Structured Solutions/REMIC Closing Documents/Glossary,remiccd:REMIC_CLOSING_DOCUMENTS,,,,,GMD010008,,,,,,,,,,,Test,12345,,,
118385,TRUE,dams_sample.pdf,2010-H13_05_Legal Advisor Letter.pdf,ocm,Structured Solutions/REMIC Closing Documents/Glossary,remiccd:REMIC_CLOSING_DOCUMENTS,,,,,GMD010033,,,,,,,,,,,Test,12345,,,
3806702,TRUE,dams_sample.pdf,2010-H15_06_Offering Circulator Supplement.pdf,ocm,Structured Solutions/REMIC Closing Documents/Glossary,remiccd:REMIC_CLOSING_DOCUMENTS,,,,,GMD010050,,,,,,,,,,,Test,12345,,,
561802,TRUE,dams_sample.pdf,2011-C05_01_Official Financial Advisor Letter.pdf,ocm,Structured Solutions/REMIC Closing Documents/Glossary,remiccd:REMIC_CLOSING_DOCUMENTS,,,,,GMD010917,,,,,,,,,,,Test,12345,,,
170249,TRUE,dams_sample.pdf,2012-058_07_Misc.pdf,ocm,Structured Solutions/REMIC Closing Documents/Glossary,remiccd:REMIC_CLOSING_DOCUMENTS,,,,,GMD006422,,,,,,,,,,,Test,12345,,,
130086,TRUE,dams_sample.pdf,2012-061_05_Legal Advisor Letter.pdf,ocm,Structured Solutions/REMIC Closing Documents/Glossary,remiccd:REMIC_CLOSING_DOCUMENTS,,,,,GMD006444,,,,,,,,,,,Test,12345,,,
1321659,TRUE,dams_sample.pdf,2011-C06_06_Offering Circulator Supplement.pdf,ocm,Structured Solutions/REMIC Closing Documents/Glossary,remiccd:REMIC_CLOSING_DOCUMENTS,,,,,GMD010930,,,,,,,,,,,Test,12345,,,
350868,TRUE,dams_sample.pdf,2011-C07_02_Transaction Initiation Letter.pdf,ocm,Structured Solutions/REMIC Closing Documents/Glossary,remiccd:REMIC_CLOSING_DOCUMENTS,,,,,GMD010934,,,,,,,,,,,Test,12345,,,
6254122,TRUE,dams_sample.pdf,2011-H01_08_Closing Document - Disk.pdf,ocm,Structured Solutions/REMIC Closing Documents/Glossary,remiccd:REMIC_CLOSING_DOCUMENTS,,,,,GMD010948,,,,,,,,,,,Test,12345,,,
8415656,TRUE,dams_sample.pdf,2011-161_06_Offering Circulator Supplement.pdf,ocm,Structured Solutions/REMIC Closing Documents/Glossary,remiccd:REMIC_CLOSING_DOCUMENTS,,,,,GMD011618,,,,,,,,,,,Test,12345,,,
162012,TRUE,dams_sample.pdf,2011-161_07_Misc.pdf,ocm,Structured Solutions/REMIC Closing Documents/Glossary,remiccd:REMIC_CLOSING_DOCUMENTS,,,,,GMD011619,,,,,,,,,,,Test,12345,,,
126658,TRUE,dams_sample.pdf,2011-162_03_Sponsor Agreement.pdf,ocm,Structured Solutions/REMIC Closing Documents/Glossary,remiccd:REMIC_CLOSING_DOCUMENTS,,,,,GMD011623,,,,,,,,,,,Test,12345,,,
220486,TRUE,dams_sample.pdf,2011-162_07_Misc.pdf,ocm,Structured Solutions/REMIC Closing Documents/Glossary,remiccd:REMIC_CLOSING_DOCUMENTS,,,,,GMD011627,,,,,,,,,,,Test,12345,,,
114739,TRUE,dams_sample.pdf,2011-164_04_Guaranty Agreement.pdf,ocm,Structured Solutions/REMIC Closing Documents/Glossary,remiccd:REMIC_CLOSING_DOCUMENTS,,,,,GMD011640,,,,,,,,,,,Test,12345,,,
179102,TRUE,dams_sample.pdf,2011-003_03_Sponsor Agreement.pdf,ocm,Structured Solutions/REMIC Closing Documents/Glossary,remiccd:REMIC_CLOSING_DOCUMENTS,,,,,GMD010177,,,,,,,,,,,Test,12345,,,
114032,TRUE,dams_sample.pdf,2011-005_04_Guaranty Agreement.pdf,ocm,Structured Solutions/REMIC Closing Documents/Glossary,remiccd:REMIC_CLOSING_DOCUMENTS,,,,,GMD010194,,,,,,,,,,,Test,12345,,,
110354,TRUE,dams_sample.pdf,2011-067_04_Guaranty Agreement.pdf,ocm,Structured Solutions/REMIC Closing Documents/Glossary,remiccd:REMIC_CLOSING_DOCUMENTS,,,,,GMD010688,,,,,,,,,,,Test,12345,,,
201301,TRUE,dams_sample.pdf,2011-124_07_Misc.pdf,ocm,Structured Solutions/REMIC Closing Documents/Glossary,remiccd:REMIC_CLOSING_DOCUMENTS,,,,,GMD011323,,,,,,,,,,,Test,12345,,,
12027597,TRUE,dams_sample.pdf,2011-124_02_Transaction Initiation Letter_V1.pdf,ocm,Structured Solutions/REMIC Closing Documents/Glossary,remiccd:REMIC_CLOSING_DOCUMENTS,,,,,GMD011324,,,,,,,,,,,Test,12345,,,
184655,TRUE,dams_sample.pdf,2011-125_03_Sponsor Agreement.pdf,ocm,Structured Solutions/REMIC Closing Documents/Glossary,remiccd:REMIC_CLOSING_DOCUMENTS,,,,,GMD011327,,,,,,,,,,,Test,12345,,,
121203,TRUE,dams_sample.pdf,2011-125_05_Legal Advisor Letter.pdf,ocm,Structured Solutions/REMIC Closing Documents/Glossary,remiccd:REMIC_CLOSING_DOCUMENTS,,,,,GMD011329,,,,,,,,,,,Test,12345,,,
122025,TRUE,dams_sample.pdf,2011-129_05_Legal Advisor Letter.pdf,ocm,Structured Solutions/REMIC Closing Documents/Glossary,remiccd:REMIC_CLOSING_DOCUMENTS,,,,,GMD011361,,,,,,,,,,,Test,12345,,,
115257,TRUE,dams_sample.pdf,2010-142_05_Legal Advisor Letter.pdf,ocm,Structured Solutions/REMIC Closing Documents/Glossary,remiccd:REMIC_CLOSING_DOCUMENTS,,,,,GMD009681,,,,,,,,,,,Test,12345,,,
478881,TRUE,dams_sample.pdf,2010-145_01_Official Financial Advisor Letter.pdf,ocm,Structured Solutions/REMIC Closing Documents/Glossary,remiccd:REMIC_CLOSING_DOCUMENTS,,,,,GMD009701,,,,,,,,,,,Test,12345,,,
482621,TRUE,dams_sample.pdf,2010-145_07_Misc.pdf,ocm,Structured Solutions/REMIC Closing Documents/Glossary,remiccd:REMIC_CLOSING_DOCUMENTS,,,,,GMD009707,,,,,,,,,,,Test,12345,,,
626973,TRUE,dams_sample.pdf,2010-128_01_Official Financial Advisor Letter.pdf,ocm,Structured Solutions/REMIC Closing Documents/Glossary,remiccd:REMIC_CLOSING_DOCUMENTS,,,,,GMD009565,,,,,,,,,,,Test,12345,,,
13623251,TRUE,dams_sample.pdf,2010-129_02_Transaction Initiation Letter_V1.pdf,ocm,Structured Solutions/REMIC Closing Documents/Glossary,remiccd:REMIC_CLOSING_DOCUMENTS,,,,,GMD009580,,,,,,,,,,,Test,12345,,,
115054,TRUE,dams_sample.pdf,2010-130_05_Legal Advisor Letter.pdf,ocm,Structured Solutions/REMIC Closing Documents/Glossary,remiccd:REMIC_CLOSING_DOCUMENTS,,,,,GMD009585,,,,,,,,,,,Test,12345,,,
1885517,TRUE,dams_sample.pdf,GMD030030.pdf,oipm,Manufactured Housing/Manufactured Homes Historical Documents,mhdoc:mhDocuments,,,,,GMD030030,,,,,,,,,,,,,,Bank of Melon NY,260
1761270,TRUE,dams_sample.pdf,GMD029805.pdf,oipm,Manufactured Housing/Manufactured Homes Historical Documents,mhdoc:mhDocuments,,,,,GMD029805,,,,,,,,,,,,,,Bank of Melon NY,270
1375318,TRUE,dams_sample.pdf,GMD029809.pdf,oipm,Manufactured Housing/Manufactured Homes Historical Documents,mhdoc:mhDocuments,,,,,GMD029809,,,,,,,,,,,,,,Bank of Melon NY,280
2310394,TRUE,dams_sample.pdf,GMD029813.pdf,oipm,Manufactured Housing/Manufactured Homes Historical Documents,mhdoc:mhDocuments,,,,,GMD029813,,,,,,,,,,,,,,Bank of Melon NY,290
2365236,TRUE,dams_sample.pdf,GMD029817.pdf,oipm,Manufactured Housing/Manufactured Homes Historical Documents,mhdoc:mhDocuments,,,,,GMD029817,,,,,,,,,,,,,,Bank of Melon NY,300
1417102,TRUE,dams_sample.pdf,GMD029821.pdf,oipm,Manufactured Housing/Manufactured Homes Historical Documents,mhdoc:mhDocuments,,,,,GMD029821,,,,,,,,,,,,,,Bank of Melon NY,310
912177,TRUE,dams_sample.pdf,GMD029825.pdf,oipm,Manufactured Housing/Manufactured Homes Historical Documents,mhdoc:mhDocuments,,,,,GMD029825,,,,,,,,,,,,,,Bank of Melon NY,320
1569667,TRUE,dams_sample.pdf,GMD029829.pdf,oipm,Manufactured Housing/Manufactured Homes Historical Documents,mhdoc:mhDocuments,,,,,GMD029829,,,,,,,,,,,,,,Bank of Melon NY,330
1848103,TRUE,dams_sample.pdf,GMD029833.pdf,oipm,Manufactured Housing/Manufactured Homes Historical Documents,mhdoc:mhDocuments,,,,,GMD029833,,,,,,,,,,,,,,Bank of Melon NY,340
1440499,TRUE,dams_sample.pdf,GMD029837.pdf,oipm,Manufactured Housing/Manufactured Homes Historical Documents,mhdoc:mhDocuments,,,,,GMD029837,,,,,,,,,,,,,,Bank of Melon NY,350
2153874,TRUE,dams_sample.pdf,GMD030089.pdf,oipm,Manufactured Housing/Manufactured Homes Historical Documents,mhdoc:mhDocuments,,,,,GMD030089,,,,,,,,,,,,,,Bank of Melon NY,530
1801179,TRUE,dams_sample.pdf,GMD030093.pdf,oipm,Manufactured Housing/Manufactured Homes Historical Documents,mhdoc:mhDocuments,,,,,GMD030093,,,,,,,,,,,,,,Bank of Melon NY,540
2436978,TRUE,dams_sample.pdf,GMD030097.pdf,oipm,Manufactured Housing/Manufactured Homes Historical Documents,mhdoc:mhDocuments,,,,,GMD030097,,,,,,,,,,,,,,Bank of Melon NY,550
2084209,TRUE,dams_sample.pdf,GMD030101.pdf,oipm,Manufactured Housing/Manufactured Homes Historical Documents,mhdoc:mhDocuments,,,,,GMD030101,,,,,,,,,,,,,,Bank of Melon NY,560
1033202,TRUE,dams_sample.pdf,GMD030105.pdf,oipm,Manufactured Housing/Manufactured Homes Historical Documents,mhdoc:mhDocuments,,,,,GMD030105,,,,,,,,,,,,,,Bank of Melon NY,570
2416172,TRUE,dams_sample.pdf,GMD030109.pdf,oipm,Manufactured Housing/Manufactured Homes Historical Documents,mhdoc:mhDocuments,,,,,GMD030109,,,,,,,,,,,,,,Bank of Melon NY,580
2458742,TRUE,dams_sample.pdf,GMD029845.pdf,oipm,Manufactured Housing/Manufactured Homes Historical Documents,mhdoc:mhDocuments,,,,,GMD029845,,,,,,,,,,,,,,Bank of Melon NY,590
4637081,TRUE,dams_sample.pdf,GMD030513.pdf,oipm,Manufactured Housing/Manufactured Homes Historical Documents,mhdoc:mhDocuments,,,,,GMD030513,,,,,,,,,,,,,,Bank of Melon NY,600
1948224,TRUE,dams_sample.pdf,GMD030517.pdf,oipm,Manufactured Housing/Manufactured Homes Historical Documents,mhdoc:mhDocuments,,,,,GMD030517,,,,,,,,,,,,,,Bank of Melon NY,610
3982078,TRUE,dams_sample.pdf,GMD030519.pdf,oipm,Manufactured Housing/Manufactured Homes Historical Documents,mhdoc:mhDocuments,,,,,GMD030519,,,,,,,,,,,,,,Bank of Melon NY,620
2147079,TRUE,dams_sample.pdf,GMD030521.pdf,oipm,Manufactured Housing/Manufactured Homes Historical Documents,mhdoc:mhDocuments,,,,,GMD030521,,,,,,,,,,,,,,Bank of Melon NY,630
3629997,TRUE,dams_sample.pdf,GMD030532.pdf,oipm,Manufactured Housing/Manufactured Homes Historical Documents,mhdoc:mhDocuments,,,,,GMD030532,,,,,,,,,,,,,,Bank of Melon NY,640
1094479,TRUE,dams_sample.pdf,GMD030536.pdf,oipm,Manufactured Housing/Manufactured Homes Historical Documents,mhdoc:mhDocuments,,,,,GMD030536,,,,,,,,,,,,,,Bank of Melon NY,650
1930486,TRUE,dams_sample.pdf,GMD030540.pdf,oipm,Manufactured Housing/Manufactured Homes Historical Documents,mhdoc:mhDocuments,,,,,GMD030540,,,,,,,,,,,,,,Bank of Melon NY,660
1433772,TRUE,dams_sample.pdf,GMD030544.pdf,oipm,Manufactured Housing/Manufactured Homes Historical Documents,mhdoc:mhDocuments,,,,,GMD030544,,,,,,,,,,,,,,Bank of Melon NY,670
1903399,TRUE,dams_sample.pdf,GMD030548.pdf,oipm,Manufactured Housing/Manufactured Homes Historical Documents,mhdoc:mhDocuments,,,,,GMD030548,,,,,,,,,,,,,,Bank of Melon NY,680
1739134,TRUE,dams_sample.pdf,GMD030552.pdf,oipm,Manufactured Housing/Manufactured Homes Historical Documents,mhdoc:mhDocuments,,,,,GMD030552,,,,,,,,,,,,,,Bank of Melon NY,690
1171619,TRUE,dams_sample.pdf,GMD030556.pdf,oipm,Manufactured Housing/Manufactured Homes Historical Documents,mhdoc:mhDocuments,,,,,GMD030556,,,,,,,,,,,,,,Bank of Melon NY,700
1034080,TRUE,dams_sample.pdf,GMD030560.pdf,oipm,Manufactured Housing/Manufactured Homes Historical Documents,mhdoc:mhDocuments,,,,,GMD030560,,,,,,,,,,,,,,Bank of Melon NY,710
1379221,TRUE,dams_sample.pdf,GMD030564.pdf,oipm,Manufactured Housing/Manufactured Homes Historical Documents,mhdoc:mhDocuments,,,,,GMD030564,,,,,,,,,,,,,,Bank of Melon NY,720
2768440,TRUE,dams_sample.pdf,GMD030568.pdf,oipm,Manufactured Housing/Manufactured Homes Historical Documents,mhdoc:mhDocuments,,,,,GMD030568,,,,,,,,,,,,,,Bank of Melon NY,730
3175093,TRUE,dams_sample.pdf,GMD030572.pdf,oipm,Manufactured Housing/Manufactured Homes Historical Documents,mhdoc:mhDocuments,,,,,GMD030572,,,,,,,,,,,,,,Bank of Melon NY,740
2409144,TRUE,dams_sample.pdf,GMD030576.pdf,oipm,Manufactured Housing/Manufactured Homes Historical Documents,mhdoc:mhDocuments,,,,,GMD030576,,,,,,,,,,,,,,Bank of Melon NY,750
1146942,TRUE,dams_sample.pdf,GMD030580.pdf,oipm,Manufactured Housing/Manufactured Homes Historical Documents,mhdoc:mhDocuments,,,,,GMD030580,,,,,,,,,,,,,,Bank of Melon NY,760
3078263,TRUE,dams_sample.pdf,GMD030584.pdf,oipm,Manufactured Housing/Manufactured Homes Historical Documents,mhdoc:mhDocuments,,,,,GMD030584,,,,,,,,,,,,,,Bank of Melon NY,770
1671208,TRUE,dams_sample.pdf,GMD030588.pdf,oipm,Manufactured Housing/Manufactured Homes Historical Documents,mhdoc:mhDocuments,,,,,GMD030588,,,,,,,,,,,,,,Bank of Melon NY,780
2896087,TRUE,dams_sample.pdf,GMD030592.pdf,oipm,Manufactured Housing/Manufactured Homes Historical Documents,mhdoc:mhDocuments,,,,,GMD030592,,,,,,,,,,,,,,Bank of Melon NY,790
1500263,TRUE,dams_sample.pdf,GMD030596.pdf,oipm,Manufactured Housing/Manufactured Homes Historical Documents,mhdoc:mhDocuments,,,,,GMD030596,,,,,,,,,,,,,,Bank of Melon NY,800
719398,TRUE,dams_sample.pdf,GMD030600.pdf,oipm,Manufactured Housing/Manufactured Homes Historical Documents,mhdoc:mhDocuments,,,,,GMD030600,,,,,,,,,,,,,,Bank of Melon NY,810
2111845,TRUE,dams_sample.pdf,GMD030604.pdf,oipm,Manufactured Housing/Manufactured Homes Historical Documents,mhdoc:mhDocuments,,,,,GMD030604,,,,,,,,,,,,,,Bank of Melon NY,820
1045919,TRUE,dams_sample.pdf,GMD029937.pdf,oipm,Manufactured Housing/Manufactured Homes Historical Documents,mhdoc:mhDocuments,,,,,GMD029937,,,,,,,,,,,,,,Bank of Melon NY,830
2463760,TRUE,dams_sample.pdf,GMD029929.pdf,oipm,Manufactured Housing/Manufactured Homes Historical Documents,mhdoc:mhDocuments,,,,,GMD029929,,,,,,,,,,,,,,Bank of Melon NY,840
1726586,TRUE,dams_sample.pdf,GMD029933.pdf,oipm,Manufactured Housing/Manufactured Homes Historical Documents,mhdoc:mhDocuments,,,,,GMD029933,,,,,,,,,,,,,,Bank of Melon NY,850
1780991,TRUE,dams_sample.pdf,GMD030608.pdf,oipm,Manufactured Housing/Manufactured Homes Historical Documents,mhdoc:mhDocuments,,,,,GMD030608,,,,,,,,,,,,,,Bank of Melon NY,860
1742893,TRUE,dams_sample.pdf,GMD030612.pdf,oipm,Manufactured Housing/Manufactured Homes Historical Documents,mhdoc:mhDocuments,,,,,GMD030612,,,,,,,,,,,,,,Bank of Melon NY,870
1640086,TRUE,dams_sample.pdf,GMD030613.pdf,oipm,Manufactured Housing/Manufactured Homes Historical Documents,mhdoc:mhDocuments,,,,,GMD030613,,,,,,,,,,,,,,Bank of Melon NY,880
1607809,TRUE,dams_sample.pdf,GMD030619.pdf,oipm,Manufactured Housing/Manufactured Homes Historical Documents,mhdoc:mhDocuments,,,,,GMD030619,,,,,,,,,,,,,,Bank of Melon NY,890
1915213,TRUE,dams_sample.pdf,GMD030625.pdf,oipm,Manufactured Housing/Manufactured Homes Historical Documents,mhdoc:mhDocuments,,,,,GMD030625,,,,,,,,,,,,,,Bank of Melon NY,900
1694449,TRUE,dams_sample.pdf,GMD030370.pdf,oipm,Manufactured Housing/Manufactured Homes Historical Documents,mhdoc:mhDocuments,,,,,GMD030370,,,,,,,,,,,,,,Bank of Melon NY,910
1726395,TRUE,dams_sample.pdf,GMD030374.pdf,oipm,Manufactured Housing/Manufactured Homes Historical Documents,mhdoc:mhDocuments,,,,,GMD030374,,,,,,,,,,,,,,Bank of Melon NY,920
1859885,TRUE,dams_sample.pdf,GMD030378.pdf,oipm,Manufactured Housing/Manufactured Homes Historical Documents,mhdoc:mhDocuments,,,,,GMD030378,,,,,,,,,,,,,,Bank of Melon NY,930
1386640,TRUE,dams_sample.pdf,GMD030382.pdf,oipm,Manufactured Housing/Manufactured Homes Historical Documents,mhdoc:mhDocuments,,,,,GMD030382,,,,,,,,,,,,,,Bank of Melon NY,940
2866898,TRUE,dams_sample.pdf,GMD030386.pdf,oipm,Manufactured Housing/Manufactured Homes Historical Documents,mhdoc:mhDocuments,,,,,GMD030386,,,,,,,,,,,,,,Bank of Melon NY,950
1434612,TRUE,dams_sample.pdf,GMD030390.pdf,oipm,Manufactured Housing/Manufactured Homes Historical Documents,mhdoc:mhDocuments,,,,,GMD030390,,,,,,,,,,,,,,Bank of Melon NY,960
1701674,TRUE,dams_sample.pdf,GMD030394.pdf,oipm,Manufactured Housing/Manufactured Homes Historical Documents,mhdoc:mhDocuments,,,,,GMD030394,,,,,,,,,,,,,,Bank of Melon NY,970
1406790,TRUE,dams_sample.pdf,GMD030398.pdf,oipm,Manufactured Housing/Manufactured Homes Historical Documents,mhdoc:mhDocuments,,,,,GMD030398,,,,,,,,,,,,,,Bank of Melon NY,980
1009976,TRUE,dams_sample.pdf,GMD030402.pdf,oipm,Manufactured Housing/Manufactured Homes Historical Documents,mhdoc:mhDocuments,,,,,GMD030402,,,,,,,,,,,,,,Bank of Melon NY,990
1335874,TRUE,dams_sample.pdf,GMD040470.pdf,omo,Workforce Innovation Team (WIT)/Ginnie Post (Newsletter)/Biweekly Edition,witgp:biweeklyEdition,,,,,GMD040470,,,,,,,,,,,,,,,
1461362,TRUE,dams_sample.pdf,GMD040472.pdf,omo,Workforce Innovation Team (WIT)/Ginnie Post (Newsletter)/Biweekly Edition,witgp:biweeklyEdition,,,,,GMD040472,,,,,,,,,,,,,,,
1191661,TRUE,dams_sample.pdf,GMD040473.pdf,omo,Workforce Innovation Team (WIT)/Ginnie Post (Newsletter)/Biweekly Edition,witgp:biweeklyEdition,,,,,GMD040473,,,,,,,,,,,,,,,
1516675,TRUE,dams_sample.pdf,GMD040474.pdf,omo,Workforce Innovation Team (WIT)/Ginnie Post (Newsletter)/Biweekly Edition,witgp:biweeklyEdition,,,,,GMD040474,,,,,,,,,,,,,,,
688190,TRUE,dams_sample.pdf,GMD040476.pdf,omo,Workforce Innovation Team (WIT)/Ginnie Post (Newsletter)/Biweekly Edition,witgp:biweeklyEdition,,,,,GMD040476,,,,,,,,,,,,,,,
1402392,TRUE,dams_sample.pdf,GMD040477.pdf,omo,Workforce Innovation Team (WIT)/Ginnie Post (Newsletter)/Biweekly Edition,witgp:biweeklyEdition,,,,,GMD040477,,,,,,,,,,,,,,,
923412,TRUE,dams_sample.pdf,GMD040478.pdf,omo,Workforce Innovation Team (WIT)/Ginnie Post (Newsletter)/Biweekly Edition,witgp:biweeklyEdition,,,,,GMD040478,,,,,,,,,,,,,,,
1238930,TRUE,dams_sample.pdf,GMD040480.pdf,omo,Workforce Innovation Team (WIT)/Ginnie Post (Newsletter)/Biweekly Edition,witgp:biweeklyEdition,,,,,GMD040480,,,,,,,,,,,,,,,
503620,TRUE,dams_sample.pdf,GMD040481.pdf,omo,Workforce Innovation Team (WIT)/Ginnie Post (Newsletter)/Biweekly Edition,witgp:biweeklyEdition,,,,,GMD040481,,,,,,,,,,,,,,,
1217252,TRUE,dams_sample.pdf,GMD040482.pdf,omo,Workforce Innovation Team (WIT)/Ginnie Post (Newsletter)/Biweekly Edition,witgp:biweeklyEdition,,,,,GMD040482,,,,,,,,,,,,,,,
759854,TRUE,dams_sample.pdf,GMD040484.pdf,omo,Workforce Innovation Team (WIT)/Ginnie Post (Newsletter)/Biweekly Edition,witgp:biweeklyEdition,,,,,GMD040484,,,,,,,,,,,,,,,
1395000,TRUE,dams_sample.pdf,GMD040485.pdf,omo,Workforce Innovation Team (WIT)/Ginnie Post (Newsletter)/Biweekly Edition,witgp:biweeklyEdition,,,,,GMD040485,,,,,,,,,,,,,,,
1228246,TRUE,dams_sample.pdf,GMD040486.pdf,omo,Workforce Innovation Team (WIT)/Ginnie Post (Newsletter)/Biweekly Edition,witgp:biweeklyEdition,,,,,GMD040486,,,,,,,,,,,,,,,
1192154,TRUE,dams_sample.pdf,GMD040488.pdf,omo,Workforce Innovation Team (WIT)/Ginnie Post (Newsletter)/Biweekly Edition,witgp:biweeklyEdition,,,,,GMD040488,,,,,,,,,,,,,,,
554642,TRUE,dams_sample.pdf,GMD040489.pdf,omo,Workforce Innovation Team (WIT)/Ginnie Post (Newsletter)/Biweekly Edition,witgp:biweeklyEdition,,,,,GMD040489,,,,,,,,,,,,,,,
2545914,TRUE,dams_sample.pdf,GMD040490.pdf,omo,Workforce Innovation Team (WIT)/Ginnie Post (Newsletter)/Biweekly Edition,witgp:biweeklyEdition,,,,,GMD040490,,,,,,,,,,,,,,,
1194148,TRUE,dams_sample.pdf,GMD040492.pdf,omo,Workforce Innovation Team (WIT)/Ginnie Post (Newsletter)/Biweekly Edition,witgp:biweeklyEdition,,,,,GMD040492,,,,,,,,,,,,,,,
414772,TRUE,dams_sample.pdf,GMD040493.pdf,omo,Workforce Innovation Team (WIT)/Ginnie Post (Newsletter)/Biweekly Edition,witgp:biweeklyEdition,,,,,GMD040493,,,,,,,,,,,,,,,
620782,TRUE,dams_sample.pdf,GMD040494.pdf,omo,Workforce Innovation Team (WIT)/Ginnie Post (Newsletter)/Biweekly Edition,witgp:biweeklyEdition,,,,,GMD040494,,,,,,,,,,,,,,,
822519,TRUE,dams_sample.pdf,GMD040496.pdf,omo,Workforce Innovation Team (WIT)/Ginnie Post (Newsletter)/Biweekly Edition,witgp:biweeklyEdition,,,,,GMD040496,,,,,,,,,,,,,,,
2936709,TRUE,dams_sample.pdf,GMD040497.pdf,omo,Workforce Innovation Team (WIT)/Ginnie Post (Newsletter)/Biweekly Edition,witgp:biweeklyEdition,,,,,GMD040497,,,,,,,,,,,,,,,
1758797,TRUE,dams_sample.pdf,GMD040498.pdf,omo,Workforce Innovation Team (WIT)/Ginnie Post (Newsletter)/Biweekly Edition,witgp:biweeklyEdition,,,,,GMD040498,,,,,,,,,,,,,,,
554615,TRUE,dams_sample.pdf,GMD040499.pdf,omo,Workforce Innovation Team (WIT)/Ginnie Post (Newsletter)/Biweekly Edition,witgp:biweeklyEdition,,,,,GMD040499,,,,,,,,,,,,,,,
1063561,TRUE,dams_sample.pdf,GMD040501.pdf,omo,Workforce Innovation Team (WIT)/Ginnie Post (Newsletter)/Biweekly Edition,witgp:biweeklyEdition,,,,,GMD040501,,,,,,,,,,,,,,,
1405799,TRUE,dams_sample.pdf,GMD040503.pdf,omo,Workforce Innovation Team (WIT)/Ginnie Post (Newsletter)/Biweekly Edition,witgp:biweeklyEdition,,,,,GMD040503,,,,,,,,,,,,,,,
1291406,TRUE,dams_sample.pdf,GMD040505.pdf,omo,Workforce Innovation Team (WIT)/Ginnie Post (Newsletter)/Biweekly Edition,witgp:biweeklyEdition,,,,,GMD040505,,,,,,,,,,,,,,,
1581587,TRUE,dams_sample.pdf,GMD040506.pdf,omo,Workforce Innovation Team (WIT)/Ginnie Post (Newsletter)/Biweekly Edition,witgp:biweeklyEdition,,,,,GMD040506,,,,,,,,,,,,,,,
2046679,TRUE,dams_sample.pdf,GMD040507.pdf,omo,Workforce Innovation Team (WIT)/Ginnie Post (Newsletter)/Biweekly Edition,witgp:biweeklyEdition,,,,,GMD040507,,,,,,,,,,,,,,,
30294,TRUE,dams_sample.pdf,GMD040508.pdf,omo,Workforce Innovation Team (WIT)/Ginnie Post (Newsletter)/Biweekly Edition,witgp:biweeklyEdition,,,,,GMD040508,,,,,,,,,,,,,,,
1224882,TRUE,dams_sample.pdf,GMD040509.pdf,omo,Workforce Innovation Team (WIT)/Ginnie Post (Newsletter)/Biweekly Edition,witgp:biweeklyEdition,,,,,GMD040509,,,,,,,,,,,,,,,
1412640,TRUE,dams_sample.pdf,GMD040511.pdf,omo,Workforce Innovation Team (WIT)/Ginnie Post (Newsletter)/Biweekly Edition,witgp:biweeklyEdition,,,,,GMD040511,,,,,,,,,,,,,,,
1712140,TRUE,dams_sample.pdf,GMD040512.pdf,omo,Workforce Innovation Team (WIT)/Ginnie Post (Newsletter)/Biweekly Edition,witgp:biweeklyEdition,,,,,GMD040512,,,,,,,,,,,,,,,
659636,TRUE,dams_sample.pdf,GMD040513.pdf,omo,Workforce Innovation Team (WIT)/Ginnie Post (Newsletter)/Biweekly Edition,witgp:biweeklyEdition,,,,,GMD040513,,,,,,,,,,,,,,,
1136461,TRUE,dams_sample.pdf,GMD040515.pdf,omo,Workforce Innovation Team (WIT)/Ginnie Post (Newsletter)/Biweekly Edition,witgp:biweeklyEdition,,,,,GMD040515,,,,,,,,,,,,,,,
734737,TRUE,dams_sample.pdf,GMD040516.pdf,omo,Workforce Innovation Team (WIT)/Ginnie Post (Newsletter)/Biweekly Edition,witgp:biweeklyEdition,,,,,GMD040516,,,,,,,,,,,,,,,
1486383,TRUE,dams_sample.pdf,GMD040517.pdf,omo,Workforce Innovation Team (WIT)/Ginnie Post (Newsletter)/Biweekly Edition,witgp:biweeklyEdition,,,,,GMD040517,,,,,,,,,,,,,,,
3509484,TRUE,dams_sample.pdf,GMD040519.pdf,omo,Workforce Innovation Team (WIT)/Ginnie Post (Newsletter)/Biweekly Edition,witgp:biweeklyEdition,,,,,GMD040519,,,,,,,,,,,,,,,
2141517,TRUE,dams_sample.pdf,GMD040520.pdf,omo,Workforce Innovation Team (WIT)/Ginnie Post (Newsletter)/Biweekly Edition,witgp:biweeklyEdition,,,,,GMD040520,,,,,,,,,,,,,,,
1553302,TRUE,dams_sample.pdf,GMD040521.pdf,omo,Workforce Innovation Team (WIT)/Ginnie Post (Newsletter)/Biweekly Edition,witgp:biweeklyEdition,,,,,GMD040521,,,,,,,,,,,,,,,
723285,TRUE,dams_sample.pdf,GMD040523.pdf,omo,Workforce Innovation Team (WIT)/Ginnie Post (Newsletter)/Biweekly Edition,witgp:biweeklyEdition,,,,,GMD040523,,,,,,,,,,,,,,,
1705105,TRUE,dams_sample.pdf,GMD040524.pdf,omo,Workforce Innovation Team (WIT)/Ginnie Post (Newsletter)/Biweekly Edition,witgp:biweeklyEdition,,,,,GMD040524,,,,,,,,,,,,,,,
1351465,TRUE,dams_sample.pdf,GMD040525.pdf,omo,Workforce Innovation Team (WIT)/Ginnie Post (Newsletter)/Biweekly Edition,witgp:biweeklyEdition,,,,,GMD040525,,,,,,,,,,,,,,,
1437012,TRUE,dams_sample.pdf,GMD040527.pdf,omo,Workforce Innovation Team (WIT)/Ginnie Post (Newsletter)/Biweekly Edition,witgp:biweeklyEdition,,,,,GMD040527,,,,,,,,,,,,,,,
1498443,TRUE,dams_sample.pdf,GMD040528.pdf,omo,Workforce Innovation Team (WIT)/Ginnie Post (Newsletter)/Biweekly Edition,witgp:biweeklyEdition,,,,,GMD040528,,,,,,,,,,,,,,,
1278427,TRUE,dams_sample.pdf,GMD040529.pdf,omo,Workforce Innovation Team (WIT)/Ginnie Post (Newsletter)/Biweekly Edition,witgp:biweeklyEdition,,,,,GMD040529,,,,,,,,,,,,,,,
2347738,TRUE,dams_sample.pdf,GMD040531.pdf,omo,Workforce Innovation Team (WIT)/Ginnie Post (Newsletter)/Biweekly Edition,witgp:biweeklyEdition,,,,,GMD040531,,,,,,,,,,,,,,,
1872472,TRUE,dams_sample.pdf,GMD040532.pdf,omo,Workforce Innovation Team (WIT)/Ginnie Post (Newsletter)/Biweekly Edition,witgp:biweeklyEdition,,,,,GMD040532,,,,,,,,,,,,,,,
1915724,TRUE,dams_sample.pdf,GMD040533.pdf,omo,Workforce Innovation Team (WIT)/Ginnie Post (Newsletter)/Biweekly Edition,witgp:biweeklyEdition,,,,,GMD040533,,,,,,,,,,,,,,,
1513858,TRUE,dams_sample.pdf,GMD040535.pdf,omo,Workforce Innovation Team (WIT)/Ginnie Post (Newsletter)/Biweekly Edition,witgp:biweeklyEdition,,,,,GMD040535,,,,,,,,,,,,,,,
1469735,TRUE,dams_sample.pdf,GMD040536.pdf,omo,Workforce Innovation Team (WIT)/Ginnie Post (Newsletter)/Biweekly Edition,witgp:biweeklyEdition,,,,,GMD040536,,,,,,,,,,,,,,,
1609144,TRUE,dams_sample.pdf,GMD040537.pdf,omo,Workforce Innovation Team (WIT)/Ginnie Post (Newsletter)/Biweekly Edition,witgp:biweeklyEdition,,,,,GMD040537,,,,,,,,,,,,,,,
678000,TRUE,dams_sample.pdf,GMD040539.pdf,omo,Workforce Innovation Team (WIT)/Ginnie Post (Newsletter)/Biweekly Edition,witgp:biweeklyEdition,,,,,GMD040539,,,,,,,,,,,,,,,
4638802,TRUE,dams_sample.pdf,GMD040540.pdf,omo,Workforce Innovation Team (WIT)/Ginnie Post (Newsletter)/Biweekly Edition,witgp:biweeklyEdition,,,,,GMD040540,,,,,,,,,,,,,,,
1473135,TRUE,dams_sample.pdf,GMD040541.pdf,omo,Workforce Innovation Team (WIT)/Ginnie Post (Newsletter)/Biweekly Edition,witgp:biweeklyEdition,,,,,GMD040541,,,,,,,,,,,,,,,
739605,TRUE,dams_sample.pdf,GMD040543.pdf,omo,Workforce Innovation Team (WIT)/Ginnie Post (Newsletter)/Biweekly Edition,witgp:biweeklyEdition,,,,,GMD040543,,,,,,,,,,,,,,,
1363261,TRUE,dams_sample.pdf,GMD040544.pdf,omo,Workforce Innovation Team (WIT)/Ginnie Post (Newsletter)/Biweekly Edition,witgp:biweeklyEdition,,,,,GMD040544,,,,,,,,,,,,,,,
936802,TRUE,dams_sample.pdf,GMD040545.pdf,omo,Workforce Innovation Team (WIT)/Ginnie Post (Newsletter)/Biweekly Edition,witgp:biweeklyEdition,,,,,GMD040545,,,,,,,,,,,,,,,
926452,TRUE,dams_sample.pdf,GMD040400.pdf,omo,Workforce Innovation Team (WIT)/Ginnie Post (Newsletter)/Biweekly Edition,witgp:biweeklyEdition,,,,,GMD040400,,,,,,,,,,,,,,,
706267,TRUE,dams_sample.pdf,GMD040401.pdf,omo,Workforce Innovation Team (WIT)/Ginnie Post (Newsletter)/Biweekly Edition,witgp:biweeklyEdition,,,,,GMD040401,,,,,,,,,,,,,,,
1738558,TRUE,dams_sample.pdf,GMD040403.pdf,omo,Workforce Innovation Team (WIT)/Ginnie Post (Newsletter)/Biweekly Edition,witgp:biweeklyEdition,,,,,GMD040403,,,,,,,,,,,,,,,
1508130,TRUE,dams_sample.pdf,GMD040404.pdf,omo,Workforce Innovation Team (WIT)/Ginnie Post (Newsletter)/Biweekly Edition,witgp:biweeklyEdition,,,,,GMD040404,,,,,,,,,,,,,,,
1450960,TRUE,dams_sample.pdf,GMD040405.pdf,omo,Workforce Innovation Team (WIT)/Ginnie Post (Newsletter)/Biweekly Edition,witgp:biweeklyEdition,,,,,GMD040405,,,,,,,,,,,,,,,
587611,TRUE,dams_sample.pdf,GMD040407.pdf,omo,Workforce Innovation Team (WIT)/Ginnie Post (Newsletter)/Biweekly Edition,witgp:biweeklyEdition,,,,,GMD040407,,,,,,,,,,,,,,,
1236184,TRUE,dams_sample.pdf,GMD040408.pdf,omo,Workforce Innovation Team (WIT)/Ginnie Post (Newsletter)/Biweekly Edition,witgp:biweeklyEdition,,,,,GMD040408,,,,,,,,,,,,,,,
1317380,TRUE,dams_sample.pdf,GMD040409.pdf,omo,Workforce Innovation Team (WIT)/Ginnie Post (Newsletter)/Biweekly Edition,witgp:biweeklyEdition,,,,,GMD040409,,,,,,,,,,,,,,,
1738111,TRUE,dams_sample.pdf,GMD040411.pdf,omo,Workforce Innovation Team (WIT)/Ginnie Post (Newsletter)/Biweekly Edition,witgp:biweeklyEdition,,,,,GMD040411,,,,,,,,,,,,,,,
1223140,TRUE,dams_sample.pdf,GMD040412.pdf,omo,Workforce Innovation Team (WIT)/Ginnie Post (Newsletter)/Biweekly Edition,witgp:biweeklyEdition,,,,,GMD040412,,,,,,,,,,,,,,,
1364622,TRUE,dams_sample.pdf,GMD040413.pdf,omo,Workforce Innovation Team (WIT)/Ginnie Post (Newsletter)/Biweekly Edition,witgp:biweeklyEdition,,,,,GMD040413,,,,,,,,,,,,,,,
1089064,TRUE,dams_sample.pdf,GMD040415.pdf,omo,Workforce Innovation Team (WIT)/Ginnie Post (Newsletter)/Biweekly Edition,witgp:biweeklyEdition,,,,,GMD040415,,,,,,,,,,,,,,,
1136405,TRUE,dams_sample.pdf,GMD040416.pdf,omo,Workforce Innovation Team (WIT)/Ginnie Post (Newsletter)/Biweekly Edition,witgp:biweeklyEdition,,,,,GMD040416,,,,,,,,,,,,,,,
638919,TRUE,dams_sample.pdf,GMD040417.pdf,omo,Workforce Innovation Team (WIT)/Ginnie Post (Newsletter)/Biweekly Edition,witgp:biweeklyEdition,,,,,GMD040417,,,,,,,,,,,,,,,
1057860,TRUE,dams_sample.pdf,GMD040418.pdf,omo,Workforce Innovation Team (WIT)/Ginnie Post (Newsletter)/Biweekly Edition,witgp:biweeklyEdition,,,,,GMD040418,,,,,,,,,,,,,,,
1248209,TRUE,dams_sample.pdf,GMD040420.pdf,omo,Workforce Innovation Team (WIT)/Ginnie Post (Newsletter)/Biweekly Edition,witgp:biweeklyEdition,,,,,GMD040420,,,,,,,,,,,,,,,
1151502,TRUE,dams_sample.pdf,GMD040421.pdf,omo,Workforce Innovation Team (WIT)/Ginnie Post (Newsletter)/Biweekly Edition,witgp:biweeklyEdition,,,,,GMD040421,,,,,,,,,,,,,,,
1295397,TRUE,dams_sample.pdf,GMD040422.pdf,omo,Workforce Innovation Team (WIT)/Ginnie Post (Newsletter)/Biweekly Edition,witgp:biweeklyEdition,,,,,GMD040422,,,,,,,,,,,,,,,
2871757,TRUE,dams_sample.pdf,GMD040424.pdf,omo,Workforce Innovation Team (WIT)/Ginnie Post (Newsletter)/Biweekly Edition,witgp:biweeklyEdition,,,,,GMD040424,,,,,,,,,,,,,,,
2065649,TRUE,dams_sample.pdf,GMD040425.pdf,omo,Workforce Innovation Team (WIT)/Ginnie Post (Newsletter)/Biweekly Edition,witgp:biweeklyEdition,,,,,GMD040425,,,,,,,,,,,,,,,
1148593,TRUE,dams_sample.pdf,GMD040426.pdf,omo,Workforce Innovation Team (WIT)/Ginnie Post (Newsletter)/Biweekly Edition,witgp:biweeklyEdition,,,,,GMD040426,,,,,,,,,,,,,,,
1240356,TRUE,dams_sample.pdf,GMD040428.pdf,omo,Workforce Innovation Team (WIT)/Ginnie Post (Newsletter)/Biweekly Edition,witgp:biweeklyEdition,,,,,GMD040428,,,,,,,,,,,,,,,
847864,TRUE,dams_sample.pdf,GMD040429.pdf,omo,Workforce Innovation Team (WIT)/Ginnie Post (Newsletter)/Biweekly Edition,witgp:biweeklyEdition,,,,,GMD040429,,,,,,,,,,,,,,,
1621890,TRUE,dams_sample.pdf,GMD040430.pdf,omo,Workforce Innovation Team (WIT)/Ginnie Post (Newsletter)/Biweekly Edition,witgp:biweeklyEdition,,,,,GMD040430,,,,,,,,,,,,,,,
453666,TRUE,dams_sample.pdf,GMD040432.pdf,omo,Workforce Innovation Team (WIT)/Ginnie Post (Newsletter)/Biweekly Edition,witgp:biweeklyEdition,,,,,GMD040432,,,,,,,,,,,,,,,
822878,TRUE,dams_sample.pdf,GMD040433.pdf,omo,Workforce Innovation Team (WIT)/Ginnie Post (Newsletter)/Biweekly Edition,witgp:biweeklyEdition,,,,,GMD040433,,,,,,,,,,,,,,,
51800,TRUE,dams_sample.pdf,GMD040434.pdf,omo,Workforce Innovation Team (WIT)/Ginnie Post (Newsletter)/Biweekly Edition,witgp:biweeklyEdition,,,,,GMD040434,,,,,,,,,,,,,,,
1702347,TRUE,dams_sample.pdf,GMD040436.pdf,omo,Workforce Innovation Team (WIT)/Ginnie Post (Newsletter)/Biweekly Edition,witgp:biweeklyEdition,,,,,GMD040436,,,,,,,,,,,,,,,
1258293,TRUE,dams_sample.pdf,GMD040437.pdf,omo,Workforce Innovation Team (WIT)/Ginnie Post (Newsletter)/Biweekly Edition,witgp:biweeklyEdition,,,,,GMD040437,,,,,,,,,,,,,,,
840026,TRUE,dams_sample.pdf,GMD040438.pdf,omo,Workforce Innovation Team (WIT)/Ginnie Post (Newsletter)/Biweekly Edition,witgp:biweeklyEdition,,,,,GMD040438,,,,,,,,,,,,,,,
1249150,TRUE,dams_sample.pdf,GMD040440.pdf,omo,Workforce Innovation Team (WIT)/Ginnie Post (Newsletter)/Biweekly Edition,witgp:biweeklyEdition,,,,,GMD040440,,,,,,,,,,,,,,,
1465360,TRUE,dams_sample.pdf,GMD040441.pdf,omo,Workforce Innovation Team (WIT)/Ginnie Post (Newsletter)/Biweekly Edition,witgp:biweeklyEdition,,,,,GMD040441,,,,,,,,,,,,,,,
1192212,TRUE,dams_sample.pdf,GMD040442.pdf,omo,Workforce Innovation Team (WIT)/Ginnie Post (Newsletter)/Biweekly Edition,witgp:biweeklyEdition,,,,,GMD040442,,,,,,,,,,,,,,,
554489,TRUE,dams_sample.pdf,GMD040444.pdf,omo,Workforce Innovation Team (WIT)/Ginnie Post (Newsletter)/Biweekly Edition,witgp:biweeklyEdition,,,,,GMD040444,,,,,,,,,,,,,,,
1141338,TRUE,dams_sample.pdf,GMD040445.pdf,omo,Workforce Innovation Team (WIT)/Ginnie Post (Newsletter)/Biweekly Edition,witgp:biweeklyEdition,,,,,GMD040445,,,,,,,,,,,,,,,
1111621,TRUE,dams_sample.pdf,GMD040446.pdf,omo,Workforce Innovation Team (WIT)/Ginnie Post (Newsletter)/Biweekly Edition,witgp:biweeklyEdition,,,,,GMD040446,,,,,,,,,,,,,,,
1353788,TRUE,dams_sample.pdf,GMD040448.pdf,omo,Workforce Innovation Team (WIT)/Ginnie Post (Newsletter)/Biweekly Edition,witgp:biweeklyEdition,,,,,GMD040448,,,,,,,,,,,,,,,
1282533,TRUE,dams_sample.pdf,GMD040449.pdf,omo,Workforce Innovation Team (WIT)/Ginnie Post (Newsletter)/Biweekly Edition,witgp:biweeklyEdition,,,,,GMD040449,,,,,,,,,,,,,,,
1874212,TRUE,dams_sample.pdf,GMD040450.pdf,omo,Workforce Innovation Team (WIT)/Ginnie Post (Newsletter)/Biweekly Edition,witgp:biweeklyEdition,,,,,GMD040450,,,,,,,,,,,,,,,
448928,TRUE,dams_sample.pdf,GMD040452.pdf,omo,Workforce Innovation Team (WIT)/Ginnie Post (Newsletter)/Biweekly Edition,witgp:biweeklyEdition,,,,,GMD040452,,,,,,,,,,,,,,,
7743014,TRUE,dams_sample.pdf,GMD038022.pdf,omo,Workforce Innovation Team (WIT)/Ginnie Post (Newsletter)/Biweekly Edition,witgp:biweeklyEdition,,,,,GMD038022,,,,,,,,,,,,,,,
19361152,TRUE,dams_sample.pdf,GMD038026.pdf,omo,Workforce Innovation Team (WIT)/Ginnie Post (Newsletter)/Biweekly Edition,witgp:biweeklyEdition,,,,,GMD038026,,,,,,,,,,,,,,,
15167458,TRUE,dams_sample.pdf,GMD038025.pdf,omo,Workforce Innovation Team (WIT)/Ginnie Post (Newsletter)/Biweekly Edition,witgp:biweeklyEdition,,,,,GMD038025,,,,,,,,,,,,,,,
35856411,TRUE,dams_sample.pdf,GMD038027.pdf,omo,Workforce Innovation Team (WIT)/Ginnie Post (Newsletter)/Biweekly Edition,witgp:biweeklyEdition,,,,,GMD038027,,,,,,,,,,,,,,,
22244495,TRUE,dams_sample.pdf,GMD038028.pdf,omo,Workforce Innovation Team (WIT)/Ginnie Post (Newsletter)/Biweekly Edition,witgp:biweeklyEdition,,,,,GMD038028,,,,,,,,,,,,,,,
34561378,TRUE,dams_sample.pdf,GMD038023.pdf,omo,Workforce Innovation Team (WIT)/Ginnie Post (Newsletter)/Biweekly Edition,witgp:biweeklyEdition,,,,,GMD038023,,,,,,,,,,,,,,,
3388406,TRUE,dams_sample.pdf,GMD038024.pdf,omo,Workforce Innovation Team (WIT)/Ginnie Post (Newsletter)/Biweekly Edition,witgp:biweeklyEdition,,,,,GMD038024,,,,,,,,,,,,,,,
268335,TRUE,dams_sample.pdf,GMD038128.pdf,oipm,Multifamily/Terminated Issuer Documents (Already in EDRM),smftermissr:smfTerminatedIssuerDocuments,,,,,GMD038128,,,,,,,,,,,,,,,
119381,TRUE,dams_sample.pdf,GMD038048.pdf,oipm,Multifamily/Terminated Issuer Documents (Already in EDRM),smftermissr:smfTerminatedIssuerDocuments,,,,,GMD038048,,,,,,,,,,,,,,,
589850,TRUE,dams_sample.pdf,GMD038032.pdf,oipm,Multifamily/Terminated Issuer Documents (Already in EDRM),smftermissr:smfTerminatedIssuerDocuments,,,,,GMD038032,,,,,,,,,,,,,,,
229224,TRUE,dams_sample.pdf,GMD038036.pdf,oipm,Multifamily/Terminated Issuer Documents (Already in EDRM),smftermissr:smfTerminatedIssuerDocuments,,,,,GMD038036,,,,,,,,,,,,,,,
247714,TRUE,dams_sample.pdf,GMD038040.pdf,oipm,Multifamily/Terminated Issuer Documents (Already in EDRM),smftermissr:smfTerminatedIssuerDocuments,,,,,GMD038040,,,,,,,,,,,,,,,
107231,TRUE,dams_sample.pdf,GMD038124.pdf,oipm,Multifamily/Terminated Issuer Documents (Already in EDRM),smftermissr:smfTerminatedIssuerDocuments,,,,,GMD038124,,,,,,,,,,,,,,,
649582,TRUE,dams_sample.pdf,GMD038127.pdf,oipm,Multifamily/Terminated Issuer Documents (Already in EDRM),smftermissr:smfTerminatedIssuerDocuments,,,,,GMD038127,,,,,,,,,,,,,,,
38844,TRUE,dams_sample.pdf,GMD038121.pdf,oipm,Multifamily/Terminated Issuer Documents (Already in EDRM),smftermissr:smfTerminatedIssuerDocuments,,,,,GMD038121,,,,,,,,,,,,,,,
771589,TRUE,dams_sample.pdf,GMD038130.pdf,oipm,Multifamily/Terminated Issuer Documents (Already in EDRM),smftermissr:smfTerminatedIssuerDocuments,,,,,GMD038130,,,,,,,,,,,,,,,
272373,TRUE,dams_sample.pdf,GMD038136.pdf,oipm,Multifamily/Terminated Issuer Documents (Already in EDRM),smftermissr:smfTerminatedIssuerDocuments,,,,,GMD038136,,,,,,,,,,,,,,,
717913,TRUE,dams_sample.pdf,GMD038140.pdf,oipm,Multifamily/Terminated Issuer Documents (Already in EDRM),smftermissr:smfTerminatedIssuerDocuments,,,,,GMD038140,,,,,,,,,,,,,,,
3205665,TRUE,dams_sample.pdf,GMD038144.pdf,oipm,Multifamily/Terminated Issuer Documents (Already in EDRM),smftermissr:smfTerminatedIssuerDocuments,,,,,GMD038144,,,,,,,,,,,,,,,
469657,TRUE,dams_sample.pdf,GMD038148.pdf,oipm,Multifamily/Terminated Issuer Documents (Already in EDRM),smftermissr:smfTerminatedIssuerDocuments,,,,,GMD038148,,,,,,,,,,,,,,,
222225,TRUE,dams_sample.pdf,GMD038152.pdf,oipm,Multifamily/Terminated Issuer Documents (Already in EDRM),smftermissr:smfTerminatedIssuerDocuments,,,,,GMD038152,,,,,,,,,,,,,,,
6031034,TRUE,dams_sample.pdf,GMD038155.pdf,oipm,Multifamily/Terminated Issuer Documents (Already in EDRM),smftermissr:smfTerminatedIssuerDocuments,,,,,GMD038155,,,,,,,,,,,,,,,
5705487,TRUE,dams_sample.pdf,GMD038159.pdf,oipm,Multifamily/Terminated Issuer Documents (Already in EDRM),smftermissr:smfTerminatedIssuerDocuments,,,,,GMD038159,,,,,,,,,,,,,,,
198958,TRUE,dams_sample.pdf,GMD038163.pdf,oipm,Multifamily/Terminated Issuer Documents (Already in EDRM),smftermissr:smfTerminatedIssuerDocuments,,,,,GMD038163,,,,,,,,,,,,,,,
1369405,TRUE,dams_sample.pdf,GMD038167.pdf,oipm,Multifamily/Terminated Issuer Documents (Already in EDRM),smftermissr:smfTerminatedIssuerDocuments,,,,,GMD038167,,,,,,,,,,,,,,,
11912512,TRUE,dams_sample.pdf,GMD038171.pdf,oipm,Multifamily/Terminated Issuer Documents (Already in EDRM),smftermissr:smfTerminatedIssuerDocuments,,,,,GMD038171,,,,,,,,,,,,,,,
1037036,TRUE,dams_sample.pdf,GMD038175.pdf,oipm,Multifamily/Terminated Issuer Documents (Already in EDRM),smftermissr:smfTerminatedIssuerDocuments,,,,,GMD038175,,,,,,,,,,,,,,,
461233,TRUE,dams_sample.pdf,GMD038179.pdf,oipm,Multifamily/Terminated Issuer Documents (Already in EDRM),smftermissr:smfTerminatedIssuerDocuments,,,,,GMD038179,,,,,,,,,,,,,,,
13255273,TRUE,dams_sample.pdf,GMD040579.pdf,oipm,Single-Family/Terminated Issuer Documents (Already in EDRM),smftermissr:smfTerminatedIssuerDocuments,,,,,GMD040579,,,,,,,,,,,,,,,
18045467,TRUE,dams_sample.pdf,GMD040583.pdf,oipm,Single-Family/Terminated Issuer Documents (Already in EDRM),smftermissr:smfTerminatedIssuerDocuments,,,,,GMD040583,,,,,,,,,,,,,,,
37523924,TRUE,dams_sample.pdf,GMD040588.pdf,oipm,Single-Family/Terminated Issuer Documents (Already in EDRM),smftermissr:smfTerminatedIssuerDocuments,,,,,GMD040588,,,,,,,,,,,,,,,
21292151,TRUE,dams_sample.pdf,GMD040592.pdf,oipm,Single-Family/Terminated Issuer Documents (Already in EDRM),smftermissr:smfTerminatedIssuerDocuments,,,,,GMD040592,,,,,,,,,,,,,,,
24888323,TRUE,dams_sample.pdf,GMD040596.pdf,oipm,Single-Family/Terminated Issuer Documents (Already in EDRM),smftermissr:smfTerminatedIssuerDocuments,,,,,GMD040596,,,,,,,,,,,,,,,
7599169,TRUE,dams_sample.pdf,GMD040600.pdf,oipm,Single-Family/Terminated Issuer Documents (Already in EDRM),smftermissr:smfTerminatedIssuerDocuments,,,,,GMD040600,,,,,,,,,,,,,,,
9776353,TRUE,dams_sample.pdf,GMD040609.pdf,oipm,Single-Family/Terminated Issuer Documents (Already in EDRM),smftermissr:smfTerminatedIssuerDocuments,,,,,GMD040609,,,,,,,,,,,,,,,
14390247,TRUE,dams_sample.pdf,GMD040613.pdf,oipm,Single-Family/Terminated Issuer Documents (Already in EDRM),smftermissr:smfTerminatedIssuerDocuments,,,,,GMD040613,,,,,,,,,,,,,,,
11108909,TRUE,dams_sample.pdf,GMD040617.pdf,oipm,Single-Family/Terminated Issuer Documents (Already in EDRM),smftermissr:smfTerminatedIssuerDocuments,,,,,GMD040617,,,,,,,,,,,,,,,
18992840,TRUE,dams_sample.pdf,GMD040621.pdf,oipm,Single-Family/Terminated Issuer Documents (Already in EDRM),smftermissr:smfTerminatedIssuerDocuments,,,,,GMD040621,,,,,,,,,,,,,,,
8905664,TRUE,dams_sample.pdf,GMD040625.pdf,oipm,Single-Family/Terminated Issuer Documents (Already in EDRM),smftermissr:smfTerminatedIssuerDocuments,,,,,GMD040625,,,,,,,,,,,,,,,
10502850,TRUE,dams_sample.pdf,GMD040629.pdf,oipm,Single-Family/Terminated Issuer Documents (Already in EDRM),smftermissr:smfTerminatedIssuerDocuments,,,,,GMD040629,,,,,,,,,,,,,,,
11307200,TRUE,dams_sample.pdf,GMD040631.pdf,oipm,Single-Family/Terminated Issuer Documents (Already in EDRM),smftermissr:smfTerminatedIssuerDocuments,,,,,GMD040631,,,,,,,,,,,,,,,
8479607,TRUE,dams_sample.pdf,GMD040632.pdf,oipm,Single-Family/Terminated Issuer Documents (Already in EDRM),smftermissr:smfTerminatedIssuerDocuments,,,,,GMD040632,,,,,,,,,,,,,,,
9471473,TRUE,dams_sample.pdf,GMD040636.pdf,oipm,Single-Family/Terminated Issuer Documents (Already in EDRM),smftermissr:smfTerminatedIssuerDocuments,,,,,GMD040636,,,,,,,,,,,,,,,
12466840,TRUE,dams_sample.pdf,GMD040640.pdf,oipm,Single-Family/Terminated Issuer Documents (Already in EDRM),smftermissr:smfTerminatedIssuerDocuments,,,,,GMD040640,,,,,,,,,,,,,,,
21902028,TRUE,dams_sample.pdf,GMD040556.pdf,oipm,Single-Family/Terminated Issuer Documents (Already in EDRM),smftermissr:smfTerminatedIssuerDocuments,,,,,GMD040556,,,,,,,,,,,,,,,
42685315,TRUE,dams_sample.pdf,GMD040560.pdf,oipm,Single-Family/Terminated Issuer Documents (Already in EDRM),smftermissr:smfTerminatedIssuerDocuments,,,,,GMD040560,,,,,,,,,,,,,,,
5030938,TRUE,dams_sample.pdf,GMD040564.pdf,oipm,Single-Family/Terminated Issuer Documents (Already in EDRM),smftermissr:smfTerminatedIssuerDocuments,,,,,GMD040564,,,,,,,,,,,,,,,
107595721,TRUE,dams_sample.pdf,GMD040568.pdf,oipm,Single-Family/Terminated Issuer Documents (Already in EDRM),smftermissr:smfTerminatedIssuerDocuments,,,,,GMD040568,,,,,,,,,,,,,,,
30127658,TRUE,dams_sample.pdf,GMD040572.pdf,oipm,Single-Family/Terminated Issuer Documents (Already in EDRM),smftermissr:smfTerminatedIssuerDocuments,,,,,GMD040572,,,,,,,,,,,,,,,
14185573,TRUE,dams_sample.pdf,GMD040576.pdf,oipm,Single-Family/Terminated Issuer Documents (Already in EDRM),smftermissr:smfTerminatedIssuerDocuments,,,,,GMD040576,,,,,,,,,,,,,,,
28350156,TRUE,dams_sample.pdf,GMD040580.pdf,oipm,Single-Family/Terminated Issuer Documents (Already in EDRM),smftermissr:smfTerminatedIssuerDocuments,,,,,GMD040580,,,,,,,,,,,,,,,
13970246,TRUE,dams_sample.pdf,GMD040584.pdf,oipm,Single-Family/Terminated Issuer Documents (Already in EDRM),smftermissr:smfTerminatedIssuerDocuments,,,,,GMD040584,,,,,,,,,,,,,,,
16055100,TRUE,dams_sample.pdf,GMD040589.pdf,oipm,Single-Family/Terminated Issuer Documents (Already in EDRM),smftermissr:smfTerminatedIssuerDocuments,,,,,GMD040589,,,,,,,,,,,,,,,
22894078,TRUE,dams_sample.pdf,GMD040593.pdf,oipm,Single-Family/Terminated Issuer Documents (Already in EDRM),smftermissr:smfTerminatedIssuerDocuments,,,,,GMD040593,,,,,,,,,,,,,,,
12819977,TRUE,dams_sample.pdf,GMD040597.pdf,oipm,Single-Family/Terminated Issuer Documents (Already in EDRM),smftermissr:smfTerminatedIssuerDocuments,,,,,GMD040597,,,,,,,,,,,,,,,
8897110,TRUE,dams_sample.pdf,C-OPC-23486_PROC-0185-0946.pdf,omo,Procurement Management Division (PMD)/COR Contract Working Files/Pre-Award Documents,ccwf:awardDocument,,,,,GMD037471,,,,,,,,,,,,,,,
1500088,TRUE,dams_sample.pdf,GS-23F-0124M_1_PROC-0185-2933.pdf,omo,Procurement Management Division (PMD)/COR Contract Working Files/Pre-Award Documents,ccwf:awardDocument,,,,,GMD037475,,,,,,,,,,,,,,,
2050375,TRUE,dams_sample.pdf,C-OPC-23913_PROC-0185-2710.pdf,omo,Procurement Management Division (PMD)/COR Contract Working Files/Pre-Award Documents,ccwf:awardDocument,,,,,GMD037479,,,,,,,,,,,,,,,
4344698,TRUE,dams_sample.pdf,GS-23F-0089P_PROC-0185-3211.pdf,omo,Procurement Management Division (PMD)/COR Contract Working Files/Pre-Award Documents,ccwf:awardDocument,,,,,GMD037483,,,,,,,,,,,,,,,
4719847,TRUE,dams_sample.pdf,GS-23F-0016J_PROC-0185-2254.pdf,omo,Procurement Management Division (PMD)/COR Contract Working Files/Pre-Award Documents,ccwf:awardDocument,,,,,GMD037487,,,,,,,,,,,,,,,
3929397,TRUE,dams_sample.pdf,DU100G-12-D-03_.pdf,omo,Procurement Management Division (PMD)/COR Contract Working Files/Pre-Award Documents,ccwf:awardDocument,,,,,GMD037491,,,,,,,,,,,,,,,
9771618,TRUE,dams_sample.pdf,C-OPC-23423_POCC-0062-0001.pdf,omo,Procurement Management Division (PMD)/COR Contract Working Files/Pre-Award Documents,ccwf:awardDocument,,,,,GMD037495,,,,,,,,,,,,,,,
1170849,TRUE,dams_sample.pdf,C-CHI-01135_PROC-0185-1610.pdf,omo,Procurement Management Division (PMD)/COR Contract Working Files/Pre-Award Documents,ccwf:awardDocument,,,,,GMD037499,,,,,,,,,,,,,,,
96030,TRUE,dams_sample.pdf,C-OPC-23683_TA001_PROC-0185-3210.pdf,omo,Procurement Management Division (PMD)/COR Contract Working Files/Pre-Award Documents,ccwf:awardDocument,,,,,GMD037503,,,,,,,,,,,,,,,
3370337,TRUE,dams_sample.pdf,C-OPC-23915_PROC-0185-0434.pdf,omo,Procurement Management Division (PMD)/COR Contract Working Files/Pre-Award Documents,ccwf:awardDocument,,,,,GMD037507,,,,,,,,,,,,,,,
1045411,TRUE,dams_sample.pdf,GS-23F-8184H_2_PROC-0185-2906.pdf,omo,Procurement Management Division (PMD)/COR Contract Working Files/Pre-Award Documents,ccwf:awardDocument,,,,,GMD037511,,,,,,,,,,,,,,,
337723,TRUE,dams_sample.pdf,C-OPC-23685_T001_PROC-0185-3085.pdf,omo,Procurement Management Division (PMD)/COR Contract Working Files/Pre-Award Documents,ccwf:awardDocument,,,,,GMD037515,,,,,,,,,,,,,,,
1171015,TRUE,dams_sample.pdf,GS-23F-0135L_PROC-0185-2956.pdf,omo,Procurement Management Division (PMD)/COR Contract Working Files/Pre-Award Documents,ccwf:awardDocument,,,,,GMD037519,,,,,,,,,,,,,,,
2050430,TRUE,dams_sample.pdf,GMD037443.pdf,omo,Procurement Management Division (PMD)/COR Contract Working Files/Pre-Award Documents,ccwf:awardDocument,,,,,GMD037443,,,,,,,,,,,,,,,
9738898,TRUE,dams_sample.pdf,GMD037427.pdf,omo,Procurement Management Division (PMD)/COR Contract Working Files/Pre-Award Documents,ccwf:awardDocument,,,,,GMD037427,,,,,,,,,,,,,,,
1573116,TRUE,dams_sample.pdf,GMD037457.pdf,omo,Procurement Management Division (PMD)/COR Contract Working Files/Pre-Award Documents,ccwf:awardDocument,,,,,GMD037457,,,,,,,,,,,,,,,
2757983,TRUE,dams_sample.pdf,GMD037461.pdf,omo,Procurement Management Division (PMD)/COR Contract Working Files/Pre-Award Documents,ccwf:awardDocument,,,,,GMD037461,,,,,,,,,,,,,,,
1256830,TRUE,dams_sample.pdf,GMD037450.pdf,omo,Procurement Management Division (PMD)/COR Contract Working Files/Pre-Award Documents,ccwf:awardDocument,,,,,GMD037450,,,,,,,,,,,,,,,
3445329,TRUE,dams_sample.pdf,GMD037453.pdf,omo,Procurement Management Division (PMD)/COR Contract Working Files/Pre-Award Documents,ccwf:awardDocument,,,,,GMD037453,,,,,,,,,,,,,,,
2074864,TRUE,dams_sample.pdf,GMD037465.pdf,omo,Procurement Management Division (PMD)/COR Contract Working Files/Pre-Award Documents,ccwf:awardDocument,,,,,GMD037465,,,,,,,,,,,,,,,
2395253,TRUE,dams_sample.pdf,R-OPC-23438_PROC-0185-2852.pdf,omo,Procurement Management Division (PMD)/COR Contract Working Files/Pre-Award Documents,ccwf:awardDocument,,,,,GMD037468,,,,,,,,,,,,,,,
2187036,TRUE,dams_sample.pdf,C-OPC-23716_PROC-0185-0909.pdf,omo,Procurement Management Division (PMD)/COR Contract Working Files/Pre-Award Documents,ccwf:awardDocument,,,,,GMD037472,,,,,,,,,,,,,,,
3748052,TRUE,dams_sample.pdf,GMD037440.pdf,omo,Procurement Management Division (PMD)/COR Contract Working Files/Pre-Award Documents,ccwf:awardDocument,,,,,GMD037440,,,,,,,,,,,,,,,
9567677,TRUE,dams_sample.pdf,DU100G-14-C-05_PROC-0185-0256.pdf,omo,Procurement Management Division (PMD)/COR Contract Working Files/Pre-Award Documents,ccwf:awardDocument,,,,,GMD037473,,,,,,,,,,,,,,,
96030,TRUE,dams_sample.pdf,GMD037436.pdf,omo,Procurement Management Division (PMD)/COR Contract Working Files/Pre-Award Documents,ccwf:awardDocument,,,,,GMD037436,,,,,,,,,,,,,,,
1810732,TRUE,dams_sample.pdf,GMD037433.pdf,omo,Procurement Management Division (PMD)/COR Contract Working Files/Pre-Award Documents,ccwf:awardDocument,,,,,GMD037433,,,,,,,,,,,,,,,
3232772,TRUE,dams_sample.pdf,GMD037445.pdf,omo,Procurement Management Division (PMD)/COR Contract Working Files/Pre-Award Documents,ccwf:awardDocument,,,,,GMD037445,,,,,,,,,,,,,,,
7859972,TRUE,dams_sample.pdf,GMD037447.pdf,omo,Procurement Management Division (PMD)/COR Contract Working Files/Pre-Award Documents,ccwf:awardDocument,,,,,GMD037447,,,,,,,,,,,,,,,
1306190,TRUE,dams_sample.pdf,GMD037455.pdf,omo,Procurement Management Division (PMD)/COR Contract Working Files/Pre-Award Documents,ccwf:awardDocument,,,,,GMD037455,,,,,,,,,,,,,,,
3055628,TRUE,dams_sample.pdf,GMD037459.pdf,omo,Procurement Management Division (PMD)/COR Contract Working Files/Pre-Award Documents,ccwf:awardDocument,,,,,GMD037459,,,,,,,,,,,,,,,
2190813,TRUE,dams_sample.pdf,GMD037463.pdf,omo,Procurement Management Division (PMD)/COR Contract Working Files/Pre-Award Documents,ccwf:awardDocument,,,,,GMD037463,,,,,,,,,,,,,,,
4968221,TRUE,dams_sample.pdf,C-OPC-23863_PROC-0185-1270.pdf,omo,Procurement Management Division (PMD)/COR Contract Working Files/Pre-Award Documents,ccwf:awardDocument,,,,,GMD037467,,,,,,,,,,,,,,,
1798070,TRUE,dams_sample.pdf,GS-23F-0124M_2_PROC-0185-3128.pdf,omo,Procurement Management Division (PMD)/COR Contract Working Files/Pre-Award Documents,ccwf:awardDocument,,,,,GMD037476,,,,,,,,,,,,,,,
3232736,TRUE,dams_sample.pdf,C-OPC-23802_PROC-0185-0804.pdf,omo,Procurement Management Division (PMD)/COR Contract Working Files/Pre-Award Documents,ccwf:awardDocument,,,,,GMD037480,,,,,,,,,,,,,,,
4730610,TRUE,dams_sample.pdf,C-OPC-23762_PROC-0185-1126.pdf,omo,Procurement Management Division (PMD)/COR Contract Working Files/Pre-Award Documents,ccwf:awardDocument,,,,,GMD037484,,,,,,,,,,,,,,,
2030672,TRUE,dams_sample.pdf,C-OPC-23809_PROC-0185-0624.pdf,omo,Procurement Management Division (PMD)/COR Contract Working Files/Pre-Award Documents,ccwf:awardDocument,,,,,GMD037488,,,,,,,,,,,,,,,
1141816,TRUE,dams_sample.pdf,GS-23F-0092J_1_.pdf,omo,Procurement Management Division (PMD)/COR Contract Working Files/Pre-Award Documents,ccwf:awardDocument,,,,,GMD037492,,,,,,,,,,,,,,,
1288472,TRUE,dams_sample.pdf,GS-23F-0288N_1_PROC-0185-2974.pdf,omo,Procurement Management Division (PMD)/COR Contract Working Files/Pre-Award Documents,ccwf:awardDocument,,,,,GMD037496,,,,,,,,,,,,,,,
1810517,TRUE,dams_sample.pdf,DU100G-14-P-0003_PROC-0185-1627-0001.pdf,omo,Procurement Management Division (PMD)/COR Contract Working Files/Pre-Award Documents,ccwf:awardDocument,,,,,GMD037500,,,,,,,,,,,,,,,
6533894,TRUE,dams_sample.pdf,DU100G-14-C-04_PROC-0185-0167.pdf,omo,Procurement Management Division (PMD)/COR Contract Working Files/Pre-Award Documents,ccwf:awardDocument,,,,,GMD037504,,,,,,,,,,,,,,,
1256830,TRUE,dams_sample.pdf,DU100G-13-P-0003_PROC-0185-2745.pdf,omo,Procurement Management Division (PMD)/COR Contract Working Files/Pre-Award Documents,ccwf:awardDocument,,,,,GMD037508,,,,,,,,,,,,,,,
1306190,TRUE,dams_sample.pdf,GS-23F-8184H_3_PROC-0185-3333.pdf,omo,Procurement Management Division (PMD)/COR Contract Working Files/Pre-Award Documents,ccwf:awardDocument,,,,,GMD037512,,,,,,,,,,,,,,,
150895,TRUE,dams_sample.pdf,C-OPC-23685_T002_PROC-0185-2971.pdf,omo,Procurement Management Division (PMD)/COR Contract Working Files/Pre-Award Documents,ccwf:awardDocument,,,,,GMD037516,,,,,,,,,,,,,,,
3748016,TRUE,dams_sample.pdf,GS-23F-0124M_3_PROC-0185-3158.pdf,omo,Procurement Management Division (PMD)/COR Contract Working Files/Close-out Documents,ccwf:closeOut,,,,,GMD037477,,,,,,,,,,,,,,,
1957676,TRUE,dams_sample.pdf,DU100G-13-T-00002_PROC-0185-2216.pdf,omo,Procurement Management Division (PMD)/COR Contract Working Files/Close-out Documents,ccwf:closeOut,,,,,GMD037481,,,,,,,,,,,,,,,
328417,TRUE,dams_sample.pdf,DU100G-12-C-07_1_PROC-0813-2342.pdf,omo,Procurement Management Division (PMD)/COR Contract Working Files/Close-out Documents,ccwf:closeOut,,,,,GMD037485,,,,,,,,,,,,,,,
2595914,TRUE,dams_sample.pdf,DU100G-12-D-01_PROC-0185-0659.pdf,omo,Procurement Management Division (PMD)/COR Contract Working Files/Close-out Documents,ccwf:closeOut,,,,,GMD037489,,,,,,,,,,,,,,,
1579862,TRUE,dams_sample.pdf,GS-23F-0092J_2_.pdf,omo,Procurement Management Division (PMD)/COR Contract Working Files/Close-out Documents,ccwf:closeOut,,,,,GMD037493,,,,,,,,,,,,,,,
1381196,TRUE,dams_sample.pdf,GS-23F-0288N_2_PROC-0185-2991.pdf,omo,Procurement Management Division (PMD)/COR Contract Working Files/Close-out Documents,ccwf:closeOut,,,,,GMD037497,,,,,,,,,,,,,,,
3676965,TRUE,dams_sample.pdf,DU100G-12-D-03_PROC-0185-1717.pdf,omo,Procurement Management Division (PMD)/COR Contract Working Files/Close-out Documents,ccwf:closeOut,,,,,GMD037501,,,,,,,,,,,,,,,
3888172,TRUE,dams_sample.pdf,DU100G-13-D-02_PROC-0185-0734.pdf,omo,Procurement Management Division (PMD)/COR Contract Working Files/Close-out Documents,ccwf:closeOut,,,,,GMD037505,,,,,,,,,,,,,,,
94700,TRUE,dams_sample.pdf,C-OPC-23688_TA001_PROC-0185-3334.pdf,omo,Procurement Management Division (PMD)/COR Contract Working Files/Close-out Documents,ccwf:closeOut,,,,,GMD037509,,,,,,,,,,,,,,,
2814867,TRUE,dams_sample.pdf,GS-23F-8184H_4_PROC-0185-3355.pdf,omo,Procurement Management Division (PMD)/COR Contract Working Files/Close-out Documents,ccwf:closeOut,,,,,GMD037513,,,,,,,,,,,,,,,
2481548,TRUE,dams_sample.pdf,GS-23F-0135L_1_PROC-0185-3092.pdf,omo,Procurement Management Division (PMD)/COR Contract Working Files/Close-out Documents,ccwf:closeOut,,,,,GMD037517,,,,,,,,,,,,,,,
1501423,TRUE,dams_sample.pdf,GMD037451.pdf,omo,Procurement Management Division (PMD)/COR Contract Working Files/Close-out Documents,ccwf:closeOut,,,,,GMD037451,,,,,,,,,,,,,,,
1045411,TRUE,dams_sample.pdf,GMD037454.pdf,omo,Procurement Management Division (PMD)/COR Contract Working Files/Close-out Documents,ccwf:closeOut,,,,,GMD037454,,,,,,,,,,,,,,,
5369348,TRUE,dams_sample.pdf,GMD037458.pdf,omo,Procurement Management Division (PMD)/COR Contract Working Files/Close-out Documents,ccwf:closeOut,,,,,GMD037458,,,,,,,,,,,,,,,
876141,TRUE,dams_sample.pdf,GMD037462.pdf,omo,Procurement Management Division (PMD)/COR Contract Working Files/Close-out Documents,ccwf:closeOut,,,,,GMD037462,,,,,,,,,,,,,,,
2743730,TRUE,dams_sample.pdf,DU100G-13-D-01_PROC-0185-0856.pdf,omo,Procurement Management Division (PMD)/COR Contract Working Files/Close-out Documents,ccwf:closeOut,,,,,GMD037466,,,,,,,,,,,,,,,
2187270,TRUE,dams_sample.pdf,GMD037426.pdf,omo,Procurement Management Division (PMD)/COR Contract Working Files/Close-out Documents,ccwf:closeOut,,,,,GMD037426,,,,,,,,,,,,,,,
4344552,TRUE,dams_sample.pdf,GMD037437.pdf,omo,Procurement Management Division (PMD)/COR Contract Working Files/Close-out Documents,ccwf:closeOut,,,,,GMD037437,,,,,,,,,,,,,,,
3820673,TRUE,dams_sample.pdf,GMD037441.pdf,omo,Procurement Management Division (PMD)/COR Contract Working Files/Close-out Documents,ccwf:closeOut,,,,,GMD037441,,,,,,,,,,,,,,,
8677018,TRUE,dams_sample.pdf,GMD037446.pdf,omo,Procurement Management Division (PMD)/COR Contract Working Files/Close-out Documents,ccwf:closeOut,,,,,GMD037446,,,,,,,,,,,,,,,
1288472,TRUE,dams_sample.pdf,GMD037428.pdf,omo,Procurement Management Division (PMD)/COR Contract Working Files/Close-out Documents,ccwf:closeOut,,,,,GMD037428,,,,,,,,,,,,,,,
1170989,TRUE,dams_sample.pdf,GMD037431.pdf,omo,Procurement Management Division (PMD)/COR Contract Working Files/Close-out Documents,ccwf:closeOut,,,,,GMD037431,,,,,,,,,,,,,,,
2595997,TRUE,dams_sample.pdf,GMD037419.pdf,omo,Procurement Management Division (PMD)/COR Contract Working Files/Close-out Documents,ccwf:closeOut,,,,,GMD037419,,,,,,,,,,,,,,,
1579896,TRUE,dams_sample.pdf,GMD037423.pdf,omo,Procurement Management Division (PMD)/COR Contract Working Files/Close-out Documents,ccwf:closeOut,,,,,GMD037423,,,,,,,,,,,,,,,
4376312,TRUE,dams_sample.pdf,GMD037403.pdf,omo,Procurement Management Division (PMD)/COR Contract Working Files/Close-out Documents,ccwf:closeOut,,,,,GMD037403,,,,,,,,,,,,,,,
4730650,TRUE,dams_sample.pdf,GMD037407.pdf,omo,Procurement Management Division (PMD)/COR Contract Working Files/Close-out Documents,ccwf:closeOut,,,,,GMD037407,,,,,,,,,,,,,,,
2030624,TRUE,dams_sample.pdf,GMD037411.pdf,omo,Procurement Management Division (PMD)/COR Contract Working Files/Close-out Documents,ccwf:closeOut,,,,,GMD037411,,,,,,,,,,,,,,,
2481608,TRUE,dams_sample.pdf,GMD037415.pdf,omo,Procurement Management Division (PMD)/COR Contract Working Files/Close-out Documents,ccwf:closeOut,,,,,GMD037415,,,,,,,,,,,,,,,
17759040,TRUE,dams_sample.pdf,GMD037402.pdf,omo,Procurement Management Division (PMD)/COR Contract Working Files/Close-out Documents,ccwf:closeOut,,,,,GMD037402,,,,,,,,,,,,,,,
150895,TRUE,dams_sample.pdf,GMD037406.pdf,omo,Procurement Management Division (PMD)/COR Contract Working Files/Close-out Documents,ccwf:closeOut,,,,,GMD037406,,,,,,,,,,,,,,,
1171015,TRUE,dams_sample.pdf,GMD037417.pdf,omo,Procurement Management Division (PMD)/COR Contract Working Files/Close-out Documents,ccwf:closeOut,,,,,GMD037417,,,,,,,,,,,,,,,
3929314,TRUE,dams_sample.pdf,GMD037421.pdf,omo,Procurement Management Division (PMD)/COR Contract Working Files/Close-out Documents,ccwf:closeOut,,,,,GMD037421,,,,,,,,,,,,,,,
8897251,TRUE,dams_sample.pdf,GMD037425.pdf,omo,Procurement Management Division (PMD)/COR Contract Working Files/Close-out Documents,ccwf:closeOut,,,,,GMD037425,,,,,,,,,,,,,,,
1381205,TRUE,dams_sample.pdf,GMD037429.pdf,omo,Procurement Management Division (PMD)/COR Contract Working Files/Close-out Documents,ccwf:closeOut,,,,,GMD037429,,,,,,,,,,,,,,,
2479556,TRUE,dams_sample.pdf,GMD037430.pdf,omo,Procurement Management Division (PMD)/COR Contract Working Files/Close-out Documents,ccwf:closeOut,,,,,GMD037430,,,,,,,,,,,,,,,
4713429,TRUE,dams_sample.pdf,GMD037435.pdf,omo,Procurement Management Division (PMD)/COR Contract Working Files/Close-out Documents,ccwf:closeOut,,,,,GMD037435,,,,,,,,,,,,,,,
3677022,TRUE,dams_sample.pdf,GMD037434.pdf,omo,Procurement Management Division (PMD)/COR Contract Working Files/Close-out Documents,ccwf:closeOut,,,,,GMD037434,,,,,,,,,,,,,,,
1798113,TRUE,dams_sample.pdf,GMD037439.pdf,omo,Procurement Management Division (PMD)/COR Contract Working Files/Close-out Documents,ccwf:closeOut,,,,,GMD037439,,,,,,,,,,,,,,,
1500123,TRUE,dams_sample.pdf,GMD037438.pdf,omo,Procurement Management Division (PMD)/COR Contract Working Files/Close-out Documents,ccwf:closeOut,,,,,GMD037438,,,,,,,,,,,,,,,
6534255,TRUE,dams_sample.pdf,GMD037442.pdf,omo,Procurement Management Division (PMD)/COR Contract Working Files/Close-out Documents,ccwf:closeOut,,,,,GMD037442,,,,,,,,,,,,,,,
214829,TRUE,dams_sample.pdf,GMD018202.pdf,oipm,Multifamily/OIPM Supplemental Documents,smfsuppdoc:smfSupplementalDocuments,,,,,GMD018202,,,,,,,,,,,,,,,
5873655,TRUE,dams_sample.pdf,GMD018205.pdf,oipm,Multifamily/OIPM Supplemental Documents,smfsuppdoc:smfSupplementalDocuments,,,,,GMD018205,,,,,,,,,,,,,,,
235134,TRUE,dams_sample.pdf,GMD018209.pdf,oipm,Multifamily/OIPM Supplemental Documents,smfsuppdoc:smfSupplementalDocuments,,,,,GMD018209,,,,,,,,,,,,,,,
1245765,TRUE,dams_sample.pdf,GMD018213.pdf,oipm,Multifamily/OIPM Supplemental Documents,smfsuppdoc:smfSupplementalDocuments,,,,,GMD018213,,,,,,,,,,,,,,,
420478,TRUE,dams_sample.pdf,GMD018217.pdf,oipm,Multifamily/OIPM Supplemental Documents,smfsuppdoc:smfSupplementalDocuments,,,,,GMD018217,,,,,,,,,,,,,,,
84425,TRUE,dams_sample.pdf,GMD018221.pdf,oipm,Multifamily/OIPM Supplemental Documents,smfsuppdoc:smfSupplementalDocuments,,,,,GMD018221,,,,,,,,,,,,,,,
2432334,TRUE,dams_sample.pdf,GMD018225.pdf,oipm,Multifamily/OIPM Supplemental Documents,smfsuppdoc:smfSupplementalDocuments,,,,,GMD018225,,,,,,,,,,,,,,,
681070,TRUE,dams_sample.pdf,GMD018229.pdf,oipm,Multifamily/OIPM Supplemental Documents,smfsuppdoc:smfSupplementalDocuments,,,,,GMD018229,,,,,,,,,,,,,,,
359751,TRUE,dams_sample.pdf,GMD018233.pdf,oipm,Multifamily/OIPM Supplemental Documents,smfsuppdoc:smfSupplementalDocuments,,,,,GMD018233,,,,,,,,,,,,,,,
3910000,TRUE,dams_sample.pdf,GMD018237.pdf,oipm,Multifamily/OIPM Supplemental Documents,smfsuppdoc:smfSupplementalDocuments,,,,,GMD018237,,,,,,,,,,,,,,,
439559,TRUE,dams_sample.pdf,GMD018241.pdf,oipm,Multifamily/OIPM Supplemental Documents,smfsuppdoc:smfSupplementalDocuments,,,,,GMD018241,,,,,,,,,,,,,,,
206605,TRUE,dams_sample.pdf,GMD018245.pdf,oipm,Multifamily/OIPM Supplemental Documents,smfsuppdoc:smfSupplementalDocuments,,,,,GMD018245,,,,,,,,,,,,,,,
1089937,TRUE,dams_sample.pdf,GMD018249.pdf,oipm,Multifamily/OIPM Supplemental Documents,smfsuppdoc:smfSupplementalDocuments,,,,,GMD018249,,,,,,,,,,,,,,,
3685990,TRUE,dams_sample.pdf,GMD018253.pdf,oipm,Multifamily/OIPM Supplemental Documents,smfsuppdoc:smfSupplementalDocuments,,,,,GMD018253,,,,,,,,,,,,,,,
588056,TRUE,dams_sample.pdf,GMD018257.pdf,oipm,Multifamily/OIPM Supplemental Documents,smfsuppdoc:smfSupplementalDocuments,,,,,GMD018257,,,,,,,,,,,,,,,
400034,TRUE,dams_sample.pdf,GMD018261.pdf,oipm,Multifamily/OIPM Supplemental Documents,smfsuppdoc:smfSupplementalDocuments,,,,,GMD018261,,,,,,,,,,,,,,,
2906808,TRUE,dams_sample.pdf,GMD018265.pdf,oipm,Multifamily/OIPM Supplemental Documents,smfsuppdoc:smfSupplementalDocuments,,,,,GMD018265,,,,,,,,,,,,,,,
93748,TRUE,dams_sample.pdf,GMD018269.pdf,oipm,Multifamily/OIPM Supplemental Documents,smfsuppdoc:smfSupplementalDocuments,,,,,GMD018269,,,,,,,,,,,,,,,
7236722,TRUE,dams_sample.pdf,GMD018272.pdf,oipm,Multifamily/OIPM Supplemental Documents,smfsuppdoc:smfSupplementalDocuments,,,,,GMD018272,,,,,,,,,,,,,,,
2460226,TRUE,dams_sample.pdf,GMD018279.pdf,oipm,Multifamily/OIPM Supplemental Documents,smfsuppdoc:smfSupplementalDocuments,,,,,GMD018279,,,,,,,,,,,,,,,
28419,TRUE,dams_sample.pdf,GMD018275.pdf,oipm,Multifamily/OIPM Supplemental Documents,smfsuppdoc:smfSupplementalDocuments,,,,,GMD018275,,,,,,,,,,,,,,,
219489,TRUE,dams_sample.pdf,GMD018283.pdf,oipm,Multifamily/OIPM Supplemental Documents,smfsuppdoc:smfSupplementalDocuments,,,,,GMD018283,,,,,,,,,,,,,,,
7210990,TRUE,dams_sample.pdf,GMD018287.pdf,oipm,Multifamily/OIPM Supplemental Documents,smfsuppdoc:smfSupplementalDocuments,,,,,GMD018287,,,,,,,,,,,,,,,
2365248,TRUE,dams_sample.pdf,GMD018251.pdf,oipm,Multifamily/OIPM Supplemental Documents,smfsuppdoc:smfSupplementalDocuments,,,,,GMD018251,,,,,,,,,,,,,,,
9756304,TRUE,dams_sample.pdf,GMD018255.pdf,oipm,Multifamily/OIPM Supplemental Documents,smfsuppdoc:smfSupplementalDocuments,,,,,GMD018255,,,,,,,,,,,,,,,
1966108,TRUE,dams_sample.pdf,GMD018259.pdf,oipm,Multifamily/OIPM Supplemental Documents,smfsuppdoc:smfSupplementalDocuments,,,,,GMD018259,,,,,,,,,,,,,,,
1599098,TRUE,dams_sample.pdf,GMD018263.pdf,oipm,Multifamily/OIPM Supplemental Documents,smfsuppdoc:smfSupplementalDocuments,,,,,GMD018263,,,,,,,,,,,,,,,
5781669,TRUE,dams_sample.pdf,GMD018267.pdf,oipm,Multifamily/OIPM Supplemental Documents,smfsuppdoc:smfSupplementalDocuments,,,,,GMD018267,,,,,,,,,,,,,,,
9985771,TRUE,dams_sample.pdf,GMD018273.pdf,oipm,Multifamily/OIPM Supplemental Documents,smfsuppdoc:smfSupplementalDocuments,,,,,GMD018273,,,,,,,,,,,,,,,
55732201,TRUE,dams_sample.pdf,GMD018277.pdf,oipm,Multifamily/OIPM Supplemental Documents,smfsuppdoc:smfSupplementalDocuments,,,,,GMD018277,,,,,,,,,,,,,,,
38614389,TRUE,dams_sample.pdf,GMD018281.pdf,oipm,Multifamily/OIPM Supplemental Documents,smfsuppdoc:smfSupplementalDocuments,,,,,GMD018281,,,,,,,,,,,,,,,
65818,TRUE,dams_sample.pdf,GMD018285.pdf,oipm,Multifamily/OIPM Supplemental Documents,smfsuppdoc:smfSupplementalDocuments,,,,,GMD018285,,,,,,,,,,,,,,,
1307201,TRUE,dams_sample.pdf,GMD018138.pdf,oipm,Multifamily/OIPM Supplemental Documents,smfsuppdoc:smfSupplementalDocuments,,,,,GMD018138,,,,,,,,,,,,,,,
14013321,TRUE,dams_sample.pdf,GMD018142.pdf,oipm,Multifamily/OIPM Supplemental Documents,smfsuppdoc:smfSupplementalDocuments,,,,,GMD018142,,,,,,,,,,,,,,,
